unidade;ano;mes;setor_centro_custo;leito_dia;leito_operacional_sem_extra
CHPB;2025;1;CAC/CHPB/CHB;62;62
CHPB;2025;1;LAR INCLUSIVO A/CHPB/CHB;367;367
CHPB;2025;1;LAR INCLUSIVO B/CHPB/CHB;392;392
CHPB;2025;1;UIP-FEMININA/CHPB/CHB;434;434
CHPB;2025;1;UIP-MASCULINA/CHPB/CHB;806;806
CHPB;2025;1;UNIDADE DE CUIDADOS PROLONGADOS/CHPB/CHB;775;775
CHPB;2025;2;CAC/CHPB/CHB;56;56
CHPB;2025;2;LAR INCLUSIVO A/CHPB/CHB;308;308
CHPB;2025;2;LAR INCLUSIVO B/CHPB/CHB;336;336
CHPB;2025;2;UIP-FEMININA/CHPB/CHB;392;392
CHPB;2025;2;UIP-MASCULINA/CHPB/CHB;728;728
CHPB;2025;2;UNIDADE DE CUIDADOS PROLONGADOS/CHPB/CHB;700;700
CHPB;2025;3;CAC/CHPB/CHB;62;62
CHPB;2025;3;LAR INCLUSIVO A/CHPB/CHB;341;341
CHPB;2025;3;LAR INCLUSIVO B/CHPB/CHB;371;371
CHPB;2025;3;UIP-FEMININA/CHPB/CHB;434;434
CHPB;2025;3;UIP-MASCULINA/CHPB/CHB;806;806
CHPB;2025;3;UNIDADE DE CUIDADOS PROLONGADOS/CHPB/CHB;775;775
CHPB;2025;4;CAC/CHPB/CHB;60;60
CHPB;2025;4;LAR INCLUSIVO A/CHPB/CHB;330;330
CHPB;2025;4;LAR INCLUSIVO B/CHPB/CHB;313;313
CHPB;2025;4;UIP-FEMININA/CHPB/CHB;420;420
CHPB;2025;4;UIP-MASCULINA/CHPB/CHB;780;780
CHPB;2025;4;UNIDADE DE CUIDADOS PROLONGADOS/CHPB/CHB;750;750
CHPB;2025;5;CAC/CHPB/CHB;62;62
CHPB;2025;5;LAR INCLUSIVO A/CHPB/CHB;331;331
CHPB;2025;5;LAR INCLUSIVO B/CHPB/CHB;310;310
CHPB;2025;5;UIP-FEMININA/CHPB/CHB;434;434
CHPB;2025;5;UIP-MASCULINA/CHPB/CHB;806;806
CHPB;2025;5;UNIDADE DE CUIDADOS PROLONGADOS/CHPB/CHB;775;775
CHPB;2025;6;CAC/CHPB/CHB;60;60
CHPB;2025;6;LAR INCLUSIVO A/CHPB/CHB;300;300
CHPB;2025;6;LAR INCLUSIVO B/CHPB/CHB;283;283
CHPB;2025;6;UIP-FEMININA/CHPB/CHB;420;420
CHPB;2025;6;UIP-MASCULINA/CHPB/CHB;780;780
CHPB;2025;6;UNIDADE DE CUIDADOS PROLONGADOS/CHPB/CHB;750;750
CHPB;2025;7;CAC/CHPB/CHB;62;62
CHPB;2025;7;LAR INCLUSIVO A/CHPB/CHB;310;310
CHPB;2025;7;LAR INCLUSIVO B/CHPB/CHB;279;279
CHPB;2025;7;UIP-FEMININA/CHPB/CHB;434;434
CHPB;2025;7;UIP-MASCULINA/CHPB/CHB;806;806
CHPB;2025;7;UNIDADE DE CUIDADOS PROLONGADOS/CHPB/CHB;775;775
CHPB;2025;8;CAC/CHPB/CHB;62;62
CHPB;2025;8;LAR INCLUSIVO A/CHPB/CHB;279;279
CHPB;2025;8;LAR INCLUSIVO B/CHPB/CHB;279;279
CHPB;2025;8;UIP-FEMININA/CHPB/CHB;434;434
CHPB;2025;8;UIP-MASCULINA/CHPB/CHB;806;806
CHPB;2025;8;UNIDADE DE CUIDADOS PROLONGADOS/CHPB/CHB;775;775
CHPB;2025;9;CAC/CHPB/CHB;60;60
CHPB;2025;9;LAR INCLUSIVO A/CHPB/CHB;270;270
CHPB;2025;9;LAR INCLUSIVO B/CHPB/CHB;264;264
CHPB;2025;9;UIP-FEMININA/CHPB/CHB;396;396
CHPB;2025;9;UIP-MASCULINA/CHPB/CHB;744;744
CHPB;2025;9;UNIDADE DE CUIDADOS PROLONGADOS/CHPB/CHB;750;750
CHPB;2025;10;CAC/CHPB/CHB;62;62
CHPB;2025;10;LAR INCLUSIVO A/CHPB/CHB;279;279
CHPB;2025;10;LAR INCLUSIVO B/CHPB/CHB;248;248
CHPB;2025;10;UIP-FEMININA/CHPB/CHB;310;310
CHPB;2025;10;UIP-MASCULINA/CHPB/CHB;620;620
CHPB;2025;10;UNIDADE DE CUIDADOS PROLONGADOS/CHPB/CHB;775;775
CHPB;2025;11;CAC/CHPB/CHB;60;60
CHPB;2025;11;LAR INCLUSIVO A/CHPB/CHB;270;270
CHPB;2025;11;LAR INCLUSIVO B/CHPB/CHB;240;240
CHPB;2025;11;UIP-FEMININA/CHPB/CHB;300;300
CHPB;2025;11;UIP-MASCULINA/CHPB/CHB;600;600
CHPB;2025;11;UNIDADE DE CUIDADOS PROLONGADOS/CHPB/CHB;750;750
CSPD;2025;1;UNIDADE DE INTERNAÇÃO DE CUIDADOS PROLONGADOS;1240;1240
CSPD;2025;2;UNIDADE DE INTERNAÇÃO DE CUIDADOS PROLONGADOS;1120;1120
CSPD;2025;3;UNIDADE DE INTERNAÇÃO DE CUIDADOS PROLONGADOS;1220;1220
CSPD;2025;4;UNIDADE DE INTERNAÇÃO DE CUIDADOS PROLONGADOS;1074;1074
CSPD;2025;5;UNIDADE DE INTERNAÇÃO DE CUIDADOS PROLONGADOS;1088;1088
CSPD;2025;6;UNIDADE DE INTERNAÇÃO DE CUIDADOS PROLONGADOS;960;960
CSPD;2025;7;UNIDADE DE INTERNAÇÃO DE CUIDADOS PROLONGADOS;992;992
CSPD;2025;8;UNIDADE DE INTERNAÇÃO DE CUIDADOS PROLONGADOS;992;992
CSPD;2025;9;UNIDADE DE INTERNAÇÃO DE CUIDADOS PROLONGADOS;960;960
CSPD;2025;10;UNIDADE DE INTERNAÇÃO DE CUIDADOS PROLONGADOS;992;992
CSPD;2025;11;UNIDADE DE INTERNAÇÃO DE CUIDADOS PROLONGADOS;960;960
CSSFA;2025;1;UNIDADE DE INTERNACAO CCI Cuidados Continuados Integ;1550;1550
CSSFA;2025;2;UNIDADE DE INTERNACAO CCI Cuidados Continuados Integ;1220;1220
CSSFA;2025;3;UNIDADE DE INTERNACAO CCI Cuidados Continuados Integ;1240;1240
CSSFA;2025;4;UNIDADE DE INTERNACAO CCI Cuidados Continuados Integ;1200;1200
CSSFA;2025;5;UNIDADE DE INTERNACAO CCI Cuidados Continuados Integ;1372;1370
CSSFA;2025;6;UNIDADE DE INTERNACAO CCI Cuidados Continuados Integ;1500;1500
CSSFA;2025;7;UNIDADE DE INTERNACAO CCI Cuidados Continuados Integ;1551;1550
CSSFA;2025;8;UNIDADE DE INTERNACAO CCI Cuidados Continuados Integ;1530;1529
CSSFA;2025;9;UNIDADE DE INTERNACAO CCI Cuidados Continuados Integ;1291;1290
CSSFA;2025;10;UNIDADE DE INTERNACAO CCI Cuidados Continuados Integ;1333;1333
CSSFA;2025;11;UNIDADE DE INTERNACAO CCI Cuidados Continuados Integ;1290;1290
CSSI;2025;1;CLÍNICA MÉDICA ALA B;31;31
CSSI;2025;1;CLÍNICA MÉDICA ALA C;434;434
CSSI;2025;1;UNIDADE DE CUIDADOS PROLONGADOS - ALA A;186;186
CSSI;2025;1;UNIDADE DE CUIDADOS PROLONGADOS - ALA B;186;186
CSSI;2025;1;UNIDADE URGÊNCIA/EMERGÊNCIA - OBSERVAÇÃO;18;0
CSSI;2025;1;UNIDADES DE CUIDADOS PROLONGADOS - UCP;713;713
CSSI;2025;2;CLÍNICA MÉDICA ALA B;28;28
CSSI;2025;2;CLÍNICA MÉDICA ALA C;392;392
CSSI;2025;2;UNIDADE DE CUIDADOS PROLONGADOS - ALA A;168;168
CSSI;2025;2;UNIDADE DE CUIDADOS PROLONGADOS - ALA B;168;168
CSSI;2025;2;UNIDADE URGÊNCIA/EMERGÊNCIA - OBSERVAÇÃO;41;0
CSSI;2025;2;UNIDADES DE CUIDADOS PROLONGADOS - UCP;644;644
CSSI;2025;3;CLÍNICA MÉDICA ALA B;6;6
CSSI;2025;3;CLÍNICA MÉDICA ALA C;409;409
CSSI;2025;3;UNIDADE DE CUIDADOS PROLONGADOS - ALA A;236;236
CSSI;2025;3;UNIDADE DE CUIDADOS PROLONGADOS - ALA B;36;36
CSSI;2025;3;UNIDADE URGÊNCIA/EMERGÊNCIA - OBSERVAÇÃO;38;0
CSSI;2025;3;UNIDADES DE CUIDADOS PROLONGADOS - UCP;763;763
CSSI;2025;4;CLÍNICA MÉDICA ALA B;16;16
CSSI;2025;4;CLÍNICA MÉDICA ALA C;390;390
CSSI;2025;4;UNIDADE DE CUIDADOS PROLONGADOS - ALA A;120;120
CSSI;2025;4;UNIDADE DE CUIDADOS PROLONGADOS - ALA B;128;128
CSSI;2025;4;UNIDADE URGÊNCIA/EMERGÊNCIA - OBSERVAÇÃO;8;0
CSSI;2025;4;UNIDADES DE CUIDADOS PROLONGADOS - UCP;750;750
CSSI;2025;5;CLÍNICA MÉDICA ALA B;31;31
CSSI;2025;5;CLÍNICA MÉDICA ALA C;403;403
CSSI;2025;5;UNIDADE DE CUIDADOS PROLONGADOS - ALA B;248;248
CSSI;2025;5;UNIDADE URGÊNCIA/EMERGÊNCIA - OBSERVAÇÃO;2;0
CSSI;2025;5;UNIDADES DE CUIDADOS PROLONGADOS - UCP;775;775
CSSI;2025;6;CLÍNICA MÉDICA ALA B;30;30
CSSI;2025;6;CLÍNICA MÉDICA ALA C;315;315
CSSI;2025;6;UNIDADE DE CUIDADOS PROLONGADOS - ALA A;150;150
CSSI;2025;6;UNIDADE DE CUIDADOS PROLONGADOS - ALA B;194;194
CSSI;2025;6;UNIDADE URGÊNCIA/EMERGÊNCIA - OBSERVAÇÃO;21;0
CSSI;2025;6;UNIDADES DE CUIDADOS PROLONGADOS - UCP;750;750
CSSI;2025;7;CLÍNICA MÉDICA ALA B;31;31
CSSI;2025;7;CLÍNICA MÉDICA ALA C;310;310
CSSI;2025;7;UNIDADE DE CUIDADOS PROLONGADOS - ALA A;186;186
CSSI;2025;7;UNIDADE DE CUIDADOS PROLONGADOS - ALA B;186;186
CSSI;2025;7;UNIDADE URGÊNCIA/EMERGÊNCIA - OBSERVAÇÃO;66;0
CSSI;2025;7;UNIDADES DE CUIDADOS PROLONGADOS - UCP;775;775
CSSI;2025;8;CLINICA MEDICA ALA A;90;90
CSSI;2025;8;CLÍNICA MÉDICA ALA B;31;31
CSSI;2025;8;CLÍNICA MÉDICA ALA C;122;122
CSSI;2025;8;UNIDADE DE CUIDADOS PROLONGADOS - ALA A;18;18
CSSI;2025;8;UNIDADE DE CUIDADOS PROLONGADOS - ALA B;214;214
CSSI;2025;8;UNIDADE URGÊNCIA/EMERGÊNCIA - OBSERVAÇÃO;100;0
CSSI;2025;8;UNIDADES DE CUIDADOS PROLONGADOS - UCP;775;775
CSSI;2025;9;CLINICA MEDICA ALA A;156;156
CSSI;2025;9;CLÍNICA MÉDICA ALA B;30;30
CSSI;2025;9;CLÍNICA MÉDICA ALA C;223;223
CSSI;2025;9;UNIDADE DE CUIDADOS PROLONGADOS - ALA A;96;96
CSSI;2025;9;UNIDADE DE CUIDADOS PROLONGADOS - ALA B;210;210
CSSI;2025;9;UNIDADE URGÊNCIA/EMERGÊNCIA - OBSERVAÇÃO;122;0
CSSI;2025;9;UNIDADES DE CUIDADOS PROLONGADOS - UCP;750;750
CSSI;2025;10;CLINICA MEDICA ALA A;93;93
CSSI;2025;10;CLÍNICA MÉDICA ALA B;31;31
CSSI;2025;10;CLÍNICA MÉDICA ALA C;310;310
CSSI;2025;10;UNIDADE DE CUIDADOS PROLONGADOS - ALA A;186;186
CSSI;2025;10;UNIDADE DE CUIDADOS PROLONGADOS - ALA B;217;217
CSSI;2025;10;UNIDADE URGÊNCIA/EMERGÊNCIA - OBSERVAÇÃO;112;0
CSSI;2025;10;UNIDADES DE CUIDADOS PROLONGADOS - UCP;775;775
CSSI;2025;11;CLINICA MEDICA ALA A;90;90
CSSI;2025;11;CLÍNICA MÉDICA ALA B;30;30
CSSI;2025;11;CLÍNICA MÉDICA ALA C;300;300
CSSI;2025;11;UNIDADE DE CUIDADOS PROLONGADOS - ALA A;180;180
CSSI;2025;11;UNIDADE DE CUIDADOS PROLONGADOS - ALA B;210;210
CSSI;2025;11;UNIDADE URGÊNCIA/EMERGÊNCIA - OBSERVAÇÃO;81;0
CSSI;2025;11;UNIDADES DE CUIDADOS PROLONGADOS - UCP;750;750
HAC;2025;1;UNIDADE INTERNAÇÃO - CLINICA CIRURGICA;596;596
HAC;2025;1;UNIDADE INTERNAÇÃO - CLINICA MÉDICA;1594;1590
HAC;2025;1;UTI - ADULTO;310;310
HAC;2025;2;UNIDADE INTERNAÇÃO - CLINICA CIRURGICA;560;560
HAC;2025;2;UNIDADE INTERNAÇÃO - CLINICA MÉDICA;1472;1462
HAC;2025;2;UTI - ADULTO;280;280
HAC;2025;3;UNIDADE INTERNAÇÃO - CLINICA CIRURGICA;620;620
HAC;2025;3;UNIDADE INTERNAÇÃO - CLINICA MÉDICA;1636;1621
HAC;2025;3;UTI - ADULTO;310;310
HAC;2025;4;UNIDADE INTERNAÇÃO - CLINICA CIRURGICA;600;600
HAC;2025;4;UNIDADE INTERNAÇÃO - CLINICA MÉDICA;1606;1580
HAC;2025;4;UTI - ADULTO;300;300
HAC;2025;5;UNIDADE INTERNAÇÃO - CLINICA CIRURGICA;618;618
HAC;2025;5;UNIDADE INTERNAÇÃO - CLINICA MÉDICA;1632;1607
HAC;2025;5;UTI - ADULTO;310;310
HAC;2025;6;UNIDADE INTERNAÇÃO - CLINICA CIRURGICA;600;600
HAC;2025;6;UNIDADE INTERNAÇÃO - CLINICA MÉDICA;1597;1577
HAC;2025;6;UTI - ADULTO;299;299
HAC;2025;7;UNIDADE INTERNAÇÃO - CLINICA CIRURGICA;620;620
HAC;2025;7;UNIDADE INTERNAÇÃO - CLINICA MÉDICA;1636;1606
HAC;2025;7;UTI - ADULTO;310;310
HAC;2025;8;UNIDADE INTERNAÇÃO - CLINICA CIRURGICA;620;620
HAC;2025;8;UNIDADE INTERNAÇÃO - CLINICA MÉDICA;1656;1620
HAC;2025;8;UTI - ADULTO;310;310
HAC;2025;9;UNIDADE INTERNAÇÃO - CLINICA CIRURGICA;596;596
HAC;2025;9;UNIDADE INTERNAÇÃO - CLINICA MÉDICA;1605;1581
HAC;2025;9;UTI - ADULTO;300;300
HAC;2025;10;CTI ADULTO;180;180
HAC;2025;10;UDC - OBSERVAÇÃO;20;0
HAC;2025;10;UNIDADE DE INTERNAÇÃO - CLÍNICA CIRÚRGICA;360;360
HAC;2025;10;UNIDADE DE INTERNAÇÃO - CLÍNICA MÉDICA;950;950
HAC;2025;10;UNIDADE INTERNAÇÃO - CLINICA CIRURGICA;260;260
HAC;2025;10;UNIDADE INTERNAÇÃO - CLINICA MÉDICA;700;677
HAC;2025;10;UTI - ADULTO;130;130
HAC;2025;11;CTI ADULTO;300;300
HAC;2025;11;UDC - OBSERVAÇÃO;50;0
HAC;2025;11;UNIDADE DE INTERNAÇÃO - CLÍNICA CIRÚRGICA;600;600
HAC;2025;11;UNIDADE DE INTERNAÇÃO - CLÍNICA MÉDICA;1587;1587
HCM;2025;1;UNIDADE DE CUIDADOS CONTINUADOS INTEGRADOS;1330;1330
HCM;2025;2;UNIDADE DE CUIDADOS CONTINUADOS INTEGRADOS;1198;1198
HCM;2025;3;UNIDADE DE CUIDADOS CONTINUADOS INTEGRADOS;1243;1243
HCM;2025;4;UNIDADE DE CUIDADOS CONTINUADOS INTEGRADOS;1251;1251
HCM;2025;5;UNIDADE DE CUIDADOS CONTINUADOS INTEGRADOS;1483;1483
HCM;2025;6;UNIDADE DE CUIDADOS CONTINUADOS INTEGRADOS;1428;1428
HCM;2025;7;UNIDADE DE CUIDADOS CONTINUADOS INTEGRADOS;1478;1478
HCM;2025;8;UNIDADE DE CUIDADOS CONTINUADOS INTEGRADOS;1519;1519
HCM;2025;9;UNIDADE DE CUIDADOS CONTINUADOS INTEGRADOS;1338;1338
HCM;2025;9;UNIDADE INTERNAÇÃO - CLINICA CIRURGICA;102;102
HCM;2025;10;UNIDADE DE CUIDADOS CONTINUADOS INTEGRADOS;1336;1336
HCM;2025;10;UNIDADE INTERNAÇÃO - CLINICA CIRURGICA;186;186
HCM;2025;11;UCC - ALA C;42;42
HCM;2025;11;UICP - ALA A;147;147
HCM;2025;11;UICP - ALA B;119;119
HCM;2025;11;UICP - ALA C;42;42
HCM;2025;11;UNIDADE DE CUIDADOS CONTINUADOS INTEGRADOS;1012;1012
HCM;2025;11;UNIDADE INTERNAÇÃO - CLINICA CIRURGICA;138;138
HEM;2025;1;UNIDADE INTERNAÇÃO - DOENÇAS INFECTO-CONTAGIOSAS E PARASITÁRIAS DOENÇAS INFECTO CONTAGIOSAS;2331;2331
HEM;2025;1;UTI - ADULTO;310;310
HEM;2025;2;UNIDADE INTERNAÇÃO - DOENÇAS INFECTO-CONTAGIOSAS E PARASITÁRIAS DOENÇAS INFECTO CONTAGIOSAS;2027;2027
HEM;2025;2;UTI - ADULTO;280;280
HEM;2025;3;UNIDADE INTERNAÇÃO - DOENÇAS INFECTO-CONTAGIOSAS E PARASITÁRIAS DOENÇAS INFECTO CONTAGIOSAS;2335;2335
HEM;2025;3;UTI - ADULTO;310;310
HEM;2025;4;UNIDADE INTERNAÇÃO - DOENÇAS INFECTO-CONTAGIOSAS E PARASITÁRIAS DOENÇAS INFECTO CONTAGIOSAS;2170;2170
HEM;2025;4;UTI - ADULTO;300;300
HEM;2025;5;UNIDADE INTERNAÇÃO - DOENÇAS INFECTO-CONTAGIOSAS E PARASITÁRIAS DOENÇAS INFECTO CONTAGIOSAS;2309;2309
HEM;2025;5;UTI - ADULTO;310;310
HEM;2025;6;ALA A;637;637
HEM;2025;6;ALA C;677;677
HEM;2025;6;ALA D;252;252
HEM;2025;6;CTI - ADULTO;315;315
HEM;2025;6;SALA DE VACINA;21;21
HEM;2025;6;TOMOGRAFIA;21;21
HEM;2025;6;ULTRASSONOGRAFIA;21;21
HEM;2025;6;UNIDADE DE DECISÃO CLÍNICA;21;21
HEM;2025;6;UNIDADE INTERNAÇÃO - DOENÇAS INFECTO-CONTAGIOSAS E PARASITÁRIAS DOENÇAS INFECTO CONTAGIOSAS;662;662
HEM;2025;6;UTI - ADULTO;103;103
HEM;2025;7;ALA A;966;966
HEM;2025;7;ALA C;954;954
HEM;2025;7;ALA D;372;372
HEM;2025;7;CTI - ADULTO;459;459
HEM;2025;7;SALA DE VACINA;31;31
HEM;2025;7;TOMOGRAFIA;31;31
HEM;2025;7;ULTRASSONOGRAFIA;31;31
HEM;2025;7;UNIDADE DE DECISÃO CLÍNICA;31;31
HEM;2025;8;ALA A;945;945
HEM;2025;8;ALA C;956;956
HEM;2025;8;ALA D;372;372
HEM;2025;8;CTI - ADULTO;526;526
HEM;2025;8;SALA DE VACINA;31;31
HEM;2025;8;TOMOGRAFIA;31;31
HEM;2025;8;ULTRASSONOGRAFIA;31;31
HEM;2025;8;UNIDADE DE DECISÃO CLÍNICA;31;31
HEM;2025;9;ALA A;954;954
HEM;2025;9;ALA C;986;986
HEM;2025;9;ALA D;359;359
HEM;2025;9;CTI - ADULTO;465;465
HEM;2025;9;SALA DE VACINA;30;30
HEM;2025;9;TOMOGRAFIA;30;30
HEM;2025;9;ULTRASSONOGRAFIA;30;30
HEM;2025;9;UNIDADE DE DECISÃO CLÍNICA;30;30
HEM;2025;10;ALA A;981;981
HEM;2025;10;ALA C;1039;1039
HEM;2025;10;ALA D;372;372
HEM;2025;10;CTI - ADULTO;372;372
HEM;2025;10;SALA DE VACINA;9;9
HEM;2025;10;TOMOGRAFIA;9;9
HEM;2025;10;ULTRASSONOGRAFIA;9;9
HEM;2025;10;UNIDADE DE DECISÃO CLÍNICA;9;9
HEM;2025;11;ALA A;977;977
HEM;2025;11;ALA C;1000;1000
HEM;2025;11;ALA D;334;334
HEM;2025;11;CTI - ADULTO;324;324
HIJPII;2025;1;UNIDADE INTERNAÇÃO - CLINICA PEDIÁTRICA;2325;2325
HIJPII;2025;1;UNIDADE INTERNAÇÃO - CURTO PRAZO;226;0
HIJPII;2025;1;UNIDADE INTERNAÇÃO - DOENÇAS INFECTO-CONTAGIOSAS E PARASITÁRIAS;930;930
HIJPII;2025;1;UTI;496;496
HIJPII;2025;2;UNIDADE INTERNAÇÃO - CLINICA PEDIÁTRICA;2100;2100
HIJPII;2025;2;UNIDADE INTERNAÇÃO - CURTO PRAZO;238;0
HIJPII;2025;2;UNIDADE INTERNAÇÃO - DOENÇAS INFECTO-CONTAGIOSAS E PARASITÁRIAS;840;840
HIJPII;2025;2;UTI;448;448
HIJPII;2025;3;UNIDADE INTERNAÇÃO - CLINICA PEDIÁTRICA;2325;2325
HIJPII;2025;3;UNIDADE INTERNAÇÃO - CURTO PRAZO;273;0
HIJPII;2025;3;UNIDADE INTERNAÇÃO - DOENÇAS INFECTO-CONTAGIOSAS E PARASITÁRIAS;930;930
HIJPII;2025;3;UTI;496;496
HIJPII;2025;4;UNIDADE INTERNAÇÃO - CLINICA PEDIÁTRICA;2250;2250
HIJPII;2025;4;UNIDADE INTERNAÇÃO - CURTO PRAZO;395;0
HIJPII;2025;4;UNIDADE INTERNAÇÃO - DOENÇAS INFECTO-CONTAGIOSAS E PARASITÁRIAS;908;906
HIJPII;2025;4;UTI;480;480
HIJPII;2025;5;UNIDADE INTERNAÇÃO - CLINICA PEDIÁTRICA;2265;2265
HIJPII;2025;5;UNIDADE INTERNAÇÃO - CURTO PRAZO;482;0
HIJPII;2025;5;UNIDADE INTERNAÇÃO - DOENÇAS INFECTO-CONTAGIOSAS E PARASITÁRIAS;1038;961
HIJPII;2025;5;UTI;496;496
HIJPII;2025;6;UNIDADE INTERNAÇÃO - CLINICA PEDIÁTRICA;2190;2190
HIJPII;2025;6;UNIDADE INTERNAÇÃO - CURTO PRAZO;252;0
HIJPII;2025;6;UNIDADE INTERNAÇÃO - DOENÇAS INFECTO-CONTAGIOSAS E PARASITÁRIAS;950;915
HIJPII;2025;6;UTI;480;480
HIJPII;2025;7;UNIDADE INTERNAÇÃO - CLINICA PEDIÁTRICA;2263;2263
HIJPII;2025;7;UNIDADE INTERNAÇÃO - CURTO PRAZO;179;0
HIJPII;2025;7;UNIDADE INTERNAÇÃO - DOENÇAS INFECTO-CONTAGIOSAS E PARASITÁRIAS;930;930
HIJPII;2025;7;UTI;496;496
HIJPII;2025;8;UNIDADE INTERNAÇÃO - CLINICA PEDIÁTRICA;2058;2058
HIJPII;2025;8;UNIDADE INTERNAÇÃO - CURTO PRAZO;187;0
HIJPII;2025;8;UNIDADE INTERNAÇÃO - DOENÇAS INFECTO-CONTAGIOSAS E PARASITÁRIAS;800;800
HIJPII;2025;8;UTI;503;503
HIJPII;2025;9;UNIDADE INTERNAÇÃO - CLINICA PEDIÁTRICA;1953;1953
HIJPII;2025;9;UNIDADE INTERNAÇÃO - CURTO PRAZO;156;0
HIJPII;2025;9;UNIDADE INTERNAÇÃO - DOENÇAS INFECTO-CONTAGIOSAS E PARASITÁRIAS;750;750
HIJPII;2025;9;UTI;510;510
HIJPII;2025;10;UNIDADE INTERNAÇÃO - CLINICA PEDIÁTRICA;2012;2012
HIJPII;2025;10;UNIDADE INTERNAÇÃO - CURTO PRAZO;178;0
HIJPII;2025;10;UNIDADE INTERNAÇÃO - DOENÇAS INFECTO-CONTAGIOSAS E PARASITÁRIAS;781;781
HIJPII;2025;10;UTI;512;512
HIJPII;2025;11;UNIDADE INTERNAÇÃO - CLINICA PEDIÁTRICA;1886;1886
HIJPII;2025;11;UNIDADE INTERNAÇÃO - CURTO PRAZO;171;0
HIJPII;2025;11;UNIDADE INTERNAÇÃO - DOENÇAS INFECTO-CONTAGIOSAS E PARASITÁRIAS;823;823
HIJPII;2025;11;UTI;480;480
HJK;2025;1;ALOJAMENTO CONJUNTO;1013;767
HJK;2025;1;UNIDADE DE CUIDADO INTERMEDIARIO NEONATAL CONVENCIONAL;403;403
HJK;2025;1;UNIDADE INTERNAÇÃO - CLINICA CIRURGICA;1149;1149
HJK;2025;1;UNIDADE INTERNAÇÃO - CLINICA MÉDICA;1418;1418
HJK;2025;1;UNIDADE INTERNAÇÃO - CLINICA PNEUMOLOGICA;1395;1395
HJK;2025;1;UNIDADE INTERNAÇÃO - CLINICA TISIOLÓGICA;932;932
HJK;2025;1;UNIDADE URGENCIA/EMERGENCIA;1941;1078
HJK;2025;1;UTI - ADULTO;930;930
HJK;2025;1;UTI - NEONATAL;310;310
HJK;2025;2;ALOJAMENTO CONJUNTO;931;700
HJK;2025;2;UNIDADE DE CUIDADO INTERMEDIARIO NEONATAL CONVENCIONAL;346;346
HJK;2025;2;UNIDADE INTERNAÇÃO - CLINICA CIRURGICA;1043;1043
HJK;2025;2;UNIDADE INTERNAÇÃO - CLINICA MÉDICA;1339;1339
HJK;2025;2;UNIDADE INTERNAÇÃO - CLINICA PNEUMOLOGICA;1249;1249
HJK;2025;2;UNIDADE INTERNAÇÃO - CLINICA TISIOLÓGICA;847;847
HJK;2025;2;UNIDADE URGENCIA/EMERGENCIA;1783;963
HJK;2025;2;UTI - ADULTO;840;840
HJK;2025;2;UTI - NEONATAL;263;260
HJK;2025;3;ALOJAMENTO CONJUNTO;972;767
HJK;2025;3;UNIDADE DE CUIDADO INTERMEDIARIO NEONATAL CONVENCIONAL;377;377
HJK;2025;3;UNIDADE INTERNAÇÃO - CLINICA CIRURGICA;1129;1129
HJK;2025;3;UNIDADE INTERNAÇÃO - CLINICA MÉDICA;1488;1488
HJK;2025;3;UNIDADE INTERNAÇÃO - CLINICA PNEUMOLOGICA;1364;1364
HJK;2025;3;UNIDADE INTERNAÇÃO - CLINICA TISIOLÓGICA;896;896
HJK;2025;3;UNIDADE URGENCIA/EMERGENCIA;2004;1054
HJK;2025;3;UTI - ADULTO;930;930
HJK;2025;3;UTI - NEONATAL;348;310
HJK;2025;4;ALOJAMENTO CONJUNTO;908;750
HJK;2025;4;UNIDADE DE CUIDADO INTERMEDIARIO NEONATAL CONVENCIONAL;368;368
HJK;2025;4;UNIDADE INTERNAÇÃO - CLINICA CIRURGICA;768;768
HJK;2025;4;UNIDADE INTERNAÇÃO - CLINICA MÉDICA;1440;1440
HJK;2025;4;UNIDADE INTERNAÇÃO - CLINICA PNEUMOLOGICA;1350;1350
HJK;2025;4;UNIDADE INTERNAÇÃO - CLINICA TISIOLÓGICA;916;916
HJK;2025;4;UNIDADE URGENCIA/EMERGENCIA;1894;1020
HJK;2025;4;UTI - ADULTO;844;844
HJK;2025;4;UTI - NEONATAL;319;300
HJK;2025;5;ALOJAMENTO CONJUNTO;945;773
HJK;2025;5;UNIDADE DE CUIDADO INTERMEDIARIO NEONATAL CONVENCIONAL;221;205
HJK;2025;5;UNIDADE INTERNAÇÃO - CLINICA CIRURGICA;1141;1141
HJK;2025;5;UNIDADE INTERNAÇÃO - CLINICA MÉDICA;1424;1424
HJK;2025;5;UNIDADE INTERNAÇÃO - CLINICA PNEUMOLOGICA;1395;1395
HJK;2025;5;UNIDADE INTERNAÇÃO - CLINICA TISIOLÓGICA;894;894
HJK;2025;5;UNIDADE URGENCIA/EMERGENCIA;2209;1049
HJK;2025;5;UTI - ADULTO;993;993
HJK;2025;5;UTI - NEONATAL;523;480
HJK;2025;6;ALOJAMENTO CONJUNTO;906;745
HJK;2025;6;UNIDADE DE CUIDADO INTERMEDIARIO NEONATAL CONVENCIONAL;93;78
HJK;2025;6;UNIDADE INTERNAÇÃO - CLINICA CIRURGICA;1128;1128
HJK;2025;6;UNIDADE INTERNAÇÃO - CLINICA MÉDICA;1459;1459
HJK;2025;6;UNIDADE INTERNAÇÃO - CLINICA PNEUMOLOGICA;1350;1350
HJK;2025;6;UNIDADE INTERNAÇÃO - CLINICA TISIOLÓGICA;871;871
HJK;2025;6;UNIDADE URGENCIA/EMERGENCIA;1998;1003
HJK;2025;6;UTI - ADULTO;1194;1194
HJK;2025;6;UTI - NEONATAL;600;600
HJK;2025;7;ALOJAMENTO CONJUNTO;944;775
HJK;2025;7;UNIDADE DE CUIDADO INTERMEDIARIO NEONATAL CONVENCIONAL;115;93
HJK;2025;7;UNIDADE INTERNAÇÃO - CLINICA CIRURGICA;1054;1054
HJK;2025;7;UNIDADE INTERNAÇÃO - CLINICA MÉDICA;1519;1519
HJK;2025;7;UNIDADE INTERNAÇÃO - CLINICA PNEUMOLOGICA;1395;1395
HJK;2025;7;UNIDADE INTERNAÇÃO - CLINICA TISIOLÓGICA;972;972
HJK;2025;7;UNIDADE URGENCIA/EMERGENCIA;2130;1015
HJK;2025;7;UTI - ADULTO;1239;1239
HJK;2025;7;UTI - NEONATAL;620;620
HJK;2025;8;ALOJAMENTO CONJUNTO;877;769
HJK;2025;8;PRÉ-PARTO;95;0
HJK;2025;8;UNIDADE DE CUIDADO INTERMEDIARIO NEONATAL CANGURU;80;57
HJK;2025;8;UNIDADE DE CUIDADO INTERMEDIARIO NEONATAL CONVENCIONAL;362;346
HJK;2025;8;UNIDADE INTERNAÇÃO - CLINICA CIRURGICA;1046;1046
HJK;2025;8;UNIDADE INTERNAÇÃO - CLINICA MÉDICA;1519;1519
HJK;2025;8;UNIDADE INTERNAÇÃO - CLINICA PNEUMOLOGICA;1395;1395
HJK;2025;8;UNIDADE INTERNAÇÃO - CLINICA TISIOLÓGICA;1018;1018
HJK;2025;8;UNIDADE URGENCIA/EMERGENCIA;2179;1023
HJK;2025;8;UTI - ADULTO;1240;1240
HJK;2025;8;UTI - NEONATAL;320;320
HJK;2025;9;ALOJAMENTO CONJUNTO;814;750
HJK;2025;9;PRÉ-PARTO;153;0
HJK;2025;9;UNIDADE DE CUIDADO INTERMEDIARIO NEONATAL CANGURU;114;90
HJK;2025;9;UNIDADE DE CUIDADO INTERMEDIARIO NEONATAL CONVENCIONAL;300;300
HJK;2025;9;UNIDADE INTERNAÇÃO - CLINICA CIRURGICA;1015;1015
HJK;2025;9;UNIDADE INTERNAÇÃO - CLINICA MÉDICA;1470;1470
HJK;2025;9;UNIDADE INTERNAÇÃO - CLINICA PNEUMOLOGICA;1347;1347
HJK;2025;9;UNIDADE INTERNAÇÃO - CLINICA TISIOLÓGICA;959;959
HJK;2025;9;UNIDADE URGENCIA/EMERGENCIA;2154;990
HJK;2025;9;UTI - ADULTO;1200;1200
HJK;2025;9;UTI - NEONATAL;300;300
HJK;2025;10;ALOJAMENTO CONJUNTO;835;775
HJK;2025;10;PRÉ-PARTO;159;0
HJK;2025;10;UNIDADE DE CUIDADO INTERMEDIARIO NEONATAL CANGURU;127;109
HJK;2025;10;UNIDADE DE CUIDADO INTERMEDIARIO NEONATAL CONVENCIONAL;310;310
HJK;2025;10;UNIDADE INTERNAÇÃO - CLINICA CIRURGICA;1081;1081
HJK;2025;10;UNIDADE INTERNAÇÃO - CLINICA MÉDICA;1519;1519
HJK;2025;10;UNIDADE INTERNAÇÃO - CLINICA PNEUMOLOGICA;1377;1377
HJK;2025;10;UNIDADE INTERNAÇÃO - CLINICA TISIOLÓGICA;978;978
HJK;2025;10;UNIDADE URGENCIA/EMERGENCIA;2051;1023
HJK;2025;10;UTI - ADULTO;1238;1238
HJK;2025;10;UTI - NEONATAL;310;310
HJK;2025;11;ALOJAMENTO CONJUNTO;798;750
HJK;2025;11;PRÉ-PARTO;131;0
HJK;2025;11;UNIDADE DE CUIDADO INTERMEDIARIO NEONATAL CANGURU;150;150
HJK;2025;11;UNIDADE DE CUIDADO INTERMEDIARIO NEONATAL CONVENCIONAL;175;175
HJK;2025;11;UNIDADE INTERNAÇÃO - CLINICA CIRURGICA;1050;1050
HJK;2025;11;UNIDADE INTERNAÇÃO - CLINICA MÉDICA;1470;1470
HJK;2025;11;UNIDADE INTERNAÇÃO - CLINICA PNEUMOLOGICA;1339;1339
HJK;2025;11;UNIDADE INTERNAÇÃO - CLINICA TISIOLÓGICA;985;985
HJK;2025;11;UNIDADE URGENCIA/EMERGENCIA;2059;990
HJK;2025;11;UTI - ADULTO;1200;1200
HJK;2025;11;UTI - NEONATAL;300;300
HJXXIII;2025;1;PRONTO SOCORRO;2917;1147
HJXXIII;2025;1;UNIDADE INTERNAÇÃO - CIRURGIA GERAL 4º ANDAR;1085;1085
HJXXIII;2025;1;UNIDADE INTERNAÇÃO - CIRURGIA PLÁSTICA 7º ANDAR;1085;1085
HJXXIII;2025;1;UNIDADE INTERNAÇÃO - CLINICA CUIDADOS PROGRESSIVOS 3º ANDAR;645;645
HJXXIII;2025;1;UNIDADE INTERNAÇÃO - CLINICA MÉDICA 6º ANDAR;894;894
HJXXIII;2025;1;UNIDADE INTERNAÇÃO - CLINICA NEUROLOGICA 5º ANDAR;1085;1085
HJXXIII;2025;1;UNIDADE INTERNAÇÃO - QUEIMADOS GRAVES 9º ANDAR;279;279
HJXXIII;2025;1;UNIDADE INTERNAÇÃO - QUEIMADOS MÉDIOS - 8º ANDAR;744;744
HJXXIII;2025;1;UTI;1291;1291
HJXXIII;2025;1;UTI -  PEDIATRICO 2º ANDAR;341;341
HJXXIII;2025;2;PRONTO SOCORRO;2442;1036
HJXXIII;2025;2;UNIDADE INTERNAÇÃO - CIRURGIA GERAL 4º ANDAR;980;980
HJXXIII;2025;2;UNIDADE INTERNAÇÃO - CIRURGIA PLÁSTICA 7º ANDAR;980;980
HJXXIII;2025;2;UNIDADE INTERNAÇÃO - CLINICA CUIDADOS PROGRESSIVOS 3º ANDAR;588;588
HJXXIII;2025;2;UNIDADE INTERNAÇÃO - CLINICA MÉDICA 6º ANDAR;812;812
HJXXIII;2025;2;UNIDADE INTERNAÇÃO - CLINICA NEUROLOGICA 5º ANDAR;980;980
HJXXIII;2025;2;UNIDADE INTERNAÇÃO - QUEIMADOS GRAVES 9º ANDAR;252;252
HJXXIII;2025;2;UNIDADE INTERNAÇÃO - QUEIMADOS MÉDIOS - 8º ANDAR;672;672
HJXXIII;2025;2;UTI;1171;1171
HJXXIII;2025;2;UTI -  PEDIATRICO 2º ANDAR;308;308
HJXXIII;2025;3;PRONTO SOCORRO;2985;1147
HJXXIII;2025;3;UNIDADE INTERNAÇÃO - CIRURGIA GERAL 4º ANDAR;1085;1085
HJXXIII;2025;3;UNIDADE INTERNAÇÃO - CIRURGIA PLÁSTICA 7º ANDAR;1085;1085
HJXXIII;2025;3;UNIDADE INTERNAÇÃO - CLINICA CUIDADOS PROGRESSIVOS 3º ANDAR;651;651
HJXXIII;2025;3;UNIDADE INTERNAÇÃO - CLINICA MÉDICA 6º ANDAR;899;899
HJXXIII;2025;3;UNIDADE INTERNAÇÃO - CLINICA NEUROLOGICA 5º ANDAR;1085;1085
HJXXIII;2025;3;UNIDADE INTERNAÇÃO - QUEIMADOS GRAVES 9º ANDAR;279;279
HJXXIII;2025;3;UNIDADE INTERNAÇÃO - QUEIMADOS MÉDIOS - 8º ANDAR;744;744
HJXXIII;2025;3;UTI;1302;1302
HJXXIII;2025;3;UTI -  PEDIATRICO 2º ANDAR;341;341
HJXXIII;2025;4;PRONTO SOCORRO;2941;1110
HJXXIII;2025;4;UNIDADE INTERNAÇÃO - CIRURGIA GERAL 4º ANDAR;1050;1050
HJXXIII;2025;4;UNIDADE INTERNAÇÃO - CIRURGIA PLÁSTICA 7º ANDAR;1047;1047
HJXXIII;2025;4;UNIDADE INTERNAÇÃO - CLINICA CUIDADOS PROGRESSIVOS 3º ANDAR;630;630
HJXXIII;2025;4;UNIDADE INTERNAÇÃO - CLINICA MÉDICA 6º ANDAR;870;870
HJXXIII;2025;4;UNIDADE INTERNAÇÃO - CLINICA NEUROLOGICA 5º ANDAR;1050;1050
HJXXIII;2025;4;UNIDADE INTERNAÇÃO - QUEIMADOS GRAVES 9º ANDAR;270;270
HJXXIII;2025;4;UNIDADE INTERNAÇÃO - QUEIMADOS MÉDIOS - 8º ANDAR;720;720
HJXXIII;2025;4;UTI;1260;1260
HJXXIII;2025;4;UTI -  PEDIATRICO 2º ANDAR;330;330
HJXXIII;2025;5;PRONTO SOCORRO;3029;1147
HJXXIII;2025;5;UNIDADE INTERNAÇÃO - CIRURGIA GERAL 4º ANDAR;1085;1085
HJXXIII;2025;5;UNIDADE INTERNAÇÃO - CIRURGIA PLÁSTICA 7º ANDAR;1085;1085
HJXXIII;2025;5;UNIDADE INTERNAÇÃO - CLINICA CUIDADOS PROGRESSIVOS 3º ANDAR;651;651
HJXXIII;2025;5;UNIDADE INTERNAÇÃO - CLINICA MÉDICA 6º ANDAR;899;899
HJXXIII;2025;5;UNIDADE INTERNAÇÃO - CLINICA NEUROLOGICA 5º ANDAR;1085;1085
HJXXIII;2025;5;UNIDADE INTERNAÇÃO - QUEIMADOS GRAVES 9º ANDAR;279;279
HJXXIII;2025;5;UNIDADE INTERNAÇÃO - QUEIMADOS MÉDIOS - 8º ANDAR;744;744
HJXXIII;2025;5;UTI;1278;1278
HJXXIII;2025;5;UTI -  PEDIATRICO 2º ANDAR;395;338
HJXXIII;2025;6;PRONTO SOCORRO;2849;1110
HJXXIII;2025;6;UNIDADE INTERNAÇÃO - CIRURGIA GERAL 4º ANDAR;1050;1050
HJXXIII;2025;6;UNIDADE INTERNAÇÃO - CIRURGIA PLÁSTICA 7º ANDAR;1050;1050
HJXXIII;2025;6;UNIDADE INTERNAÇÃO - CLINICA CUIDADOS PROGRESSIVOS 3º ANDAR;630;630
HJXXIII;2025;6;UNIDADE INTERNAÇÃO - CLINICA MÉDICA 6º ANDAR;870;870
HJXXIII;2025;6;UNIDADE INTERNAÇÃO - CLINICA NEUROLOGICA 5º ANDAR;1050;1050
HJXXIII;2025;6;UNIDADE INTERNAÇÃO - QUEIMADOS GRAVES 9º ANDAR;270;270
HJXXIII;2025;6;UNIDADE INTERNAÇÃO - QUEIMADOS MÉDIOS - 8º ANDAR;720;720
HJXXIII;2025;6;UTI;1200;1200
HJXXIII;2025;6;UTI -  PEDIATRICO 2º ANDAR;445;330
HJXXIII;2025;7;PRONTO SOCORRO;3013;1147
HJXXIII;2025;7;UNIDADE INTERNAÇÃO - CIRURGIA GERAL 4º ANDAR;1085;1085
HJXXIII;2025;7;UNIDADE INTERNAÇÃO - CIRURGIA PLÁSTICA 7º ANDAR;1085;1085
HJXXIII;2025;7;UNIDADE INTERNAÇÃO - CLINICA CUIDADOS PROGRESSIVOS 3º ANDAR;651;651
HJXXIII;2025;7;UNIDADE INTERNAÇÃO - CLINICA MÉDICA 6º ANDAR;899;899
HJXXIII;2025;7;UNIDADE INTERNAÇÃO - CLINICA NEUROLOGICA 5º ANDAR;1085;1085
HJXXIII;2025;7;UNIDADE INTERNAÇÃO - QUEIMADOS GRAVES 9º ANDAR;279;279
HJXXIII;2025;7;UNIDADE INTERNAÇÃO - QUEIMADOS MÉDIOS - 8º ANDAR;744;744
HJXXIII;2025;7;UTI;1240;1240
HJXXIII;2025;7;UTI -  PEDIATRICO 2º ANDAR;341;341
HJXXIII;2025;8;PRONTO SOCORRO;2888;1147
HJXXIII;2025;8;UNIDADE INTERNAÇÃO - CIRURGIA GERAL 4º ANDAR;1085;1085
HJXXIII;2025;8;UNIDADE INTERNAÇÃO - CIRURGIA PLÁSTICA 7º ANDAR;1085;1085
HJXXIII;2025;8;UNIDADE INTERNAÇÃO - CLINICA CUIDADOS PROGRESSIVOS 3º ANDAR;651;651
HJXXIII;2025;8;UNIDADE INTERNAÇÃO - CLINICA MÉDICA 6º ANDAR;899;899
HJXXIII;2025;8;UNIDADE INTERNAÇÃO - CLINICA NEUROLOGICA 5º ANDAR;1085;1085
HJXXIII;2025;8;UNIDADE INTERNAÇÃO - QUEIMADOS GRAVES 9º ANDAR;279;279
HJXXIII;2025;8;UNIDADE INTERNAÇÃO - QUEIMADOS MÉDIOS - 8º ANDAR;744;744
HJXXIII;2025;8;UTI;1229;1229
HJXXIII;2025;8;UTI -  PEDIATRICO 2º ANDAR;293;293
HJXXIII;2025;9;PRONTO SOCORRO;2636;1110
HJXXIII;2025;9;UNIDADE INTERNAÇÃO - CIRURGIA GERAL 4º ANDAR;1050;1050
HJXXIII;2025;9;UNIDADE INTERNAÇÃO - CIRURGIA PLÁSTICA 7º ANDAR;1050;1050
HJXXIII;2025;9;UNIDADE INTERNAÇÃO - CLINICA CUIDADOS PROGRESSIVOS 3º ANDAR;630;630
HJXXIII;2025;9;UNIDADE INTERNAÇÃO - CLINICA MÉDICA 6º ANDAR;870;870
HJXXIII;2025;9;UNIDADE INTERNAÇÃO - CLINICA NEUROLOGICA 5º ANDAR;1050;1050
HJXXIII;2025;9;UNIDADE INTERNAÇÃO - QUEIMADOS GRAVES 9º ANDAR;270;270
HJXXIII;2025;9;UNIDADE INTERNAÇÃO - QUEIMADOS MÉDIOS - 8º ANDAR;720;720
HJXXIII;2025;9;UTI;1170;1170
HJXXIII;2025;9;UTI -  PEDIATRICO 2º ANDAR;210;210
HJXXIII;2025;10;PRONTO SOCORRO;2925;1147
HJXXIII;2025;10;UNIDADE INTERNAÇÃO - CIRURGIA GERAL 4º ANDAR;1085;1085
HJXXIII;2025;10;UNIDADE INTERNAÇÃO - CIRURGIA PLÁSTICA 7º ANDAR;1085;1085
HJXXIII;2025;10;UNIDADE INTERNAÇÃO - CLINICA CUIDADOS PROGRESSIVOS 3º ANDAR;651;651
HJXXIII;2025;10;UNIDADE INTERNAÇÃO - CLINICA MÉDICA 6º ANDAR;899;899
HJXXIII;2025;10;UNIDADE INTERNAÇÃO - CLINICA NEUROLOGICA 5º ANDAR;1085;1085
HJXXIII;2025;10;UNIDADE INTERNAÇÃO - QUEIMADOS GRAVES 9º ANDAR;279;279
HJXXIII;2025;10;UNIDADE INTERNAÇÃO - QUEIMADOS MÉDIOS - 8º ANDAR;744;744
HJXXIII;2025;10;UTI;1221;1221
HJXXIII;2025;10;UTI -  PEDIATRICO 2º ANDAR;277;277
HJXXIII;2025;11;PRONTO SOCORRO;2640;1110
HJXXIII;2025;11;UNIDADE INTERNAÇÃO - CIRURGIA GERAL 4º ANDAR;1050;1050
HJXXIII;2025;11;UNIDADE INTERNAÇÃO - CIRURGIA PLÁSTICA 7º ANDAR;1050;1050
HJXXIII;2025;11;UNIDADE INTERNAÇÃO - CLINICA CUIDADOS PROGRESSIVOS 3º ANDAR;630;630
HJXXIII;2025;11;UNIDADE INTERNAÇÃO - CLINICA MÉDICA 6º ANDAR;870;870
HJXXIII;2025;11;UNIDADE INTERNAÇÃO - CLINICA NEUROLOGICA 5º ANDAR;1050;1050
HJXXIII;2025;11;UNIDADE INTERNAÇÃO - QUEIMADOS GRAVES 9º ANDAR;270;270
HJXXIII;2025;11;UNIDADE INTERNAÇÃO - QUEIMADOS MÉDIOS - 8º ANDAR;720;720
HJXXIII;2025;11;UTI;1200;1200
HJXXIII;2025;11;UTI -  PEDIATRICO 2º ANDAR;330;330
HMAL;2025;1;UNIDADE DE INTERNAÇÃO - TRAUMATO/ORTOPEDIA A;558;558
HMAL;2025;1;UNIDADE DE INTERNAÇÃO - TRAUMATO/ORTOPEDIA B;651;651
HMAL;2025;2;UNIDADE DE INTERNAÇÃO - TRAUMATO/ORTOPEDIA A;504;504
HMAL;2025;2;UNIDADE DE INTERNAÇÃO - TRAUMATO/ORTOPEDIA B;588;588
HMAL;2025;3;UNIDADE DE INTERNAÇÃO - TRAUMATO/ORTOPEDIA A;216;216
HMAL;2025;3;UNIDADE DE INTERNAÇÃO - TRAUMATO/ORTOPEDIA B;281;281
HMAL;2025;4;UNIDADE DE INTERNAÇÃO - TRAUMATO/ORTOPEDIA B;264;264
HMAL;2025;5;UNIDADE DE INTERNAÇÃO - TRAUMATO/ORTOPEDIA B;563;563
HMAL;2025;6;UNIDADE DE INTERNAÇÃO - TRAUMATO/ORTOPEDIA B;543;543
HMAL;2025;7;UNIDADE DE INTERNAÇÃO - TRAUMATO/ORTOPEDIA B;562;562
HMAL;2025;8;UNIDADE DE INTERNAÇÃO - TRAUMATO/ORTOPEDIA B;558;558
HMAL;2025;9;UNIDADE DE INTERNAÇÃO - TRAUMATO/ORTOPEDIA B;541;541
HMAL;2025;10;UNIDADE DE INTERNAÇÃO - TRAUMATO/ORTOPEDIA B;558;558
HMAL;2025;11;UNIDADE DE INTERNAÇÃO - TRAUMATO/ORTOPEDIA B;540;540
HRAD;2025;1;ALOJAMENTO CONJUNTO;525;525
HRAD;2025;1;BLOCO OBSTÉTRICO;21;0
HRAD;2025;1;UNIDADE DE DECISAO CLINICA;764;496
HRAD;2025;1;UNIDADE INTERNAÇÃO - CLINICA CIRURGICA;775;775
HRAD;2025;1;UNIDADE INTERNAÇÃO - CLINICA MÉDICA;806;806
HRAD;2025;1;UNIDADE INTERNAÇÃO - CLINICA ORTOPÉDICA;775;775
HRAD;2025;1;UNIDADE INTERNAÇÃO - CLINICA PEDIÁTRICA;310;310
HRAD;2025;1;UTI - ADULTO;279;279
HRAD;2025;1;UTI - NEONATAL;279;279
HRAD;2025;2;ALOJAMENTO CONJUNTO;476;476
HRAD;2025;2;BLOCO OBSTÉTRICO;25;0
HRAD;2025;2;UNIDADE DE DECISAO CLINICA;675;448
HRAD;2025;2;UNIDADE INTERNAÇÃO - CLINICA CIRURGICA;700;700
HRAD;2025;2;UNIDADE INTERNAÇÃO - CLINICA MÉDICA;728;728
HRAD;2025;2;UNIDADE INTERNAÇÃO - CLINICA ORTOPÉDICA;684;684
HRAD;2025;2;UNIDADE INTERNAÇÃO - CLINICA PEDIÁTRICA;280;280
HRAD;2025;2;UTI - ADULTO;252;252
HRAD;2025;2;UTI - NEONATAL;252;252
HRAD;2025;3;ALOJAMENTO CONJUNTO;527;527
HRAD;2025;3;BLOCO OBSTÉTRICO;27;0
HRAD;2025;3;UNIDADE DE DECISAO CLINICA;745;496
HRAD;2025;3;UNIDADE INTERNAÇÃO - CLINICA CIRURGICA;775;775
HRAD;2025;3;UNIDADE INTERNAÇÃO - CLINICA MÉDICA;806;806
HRAD;2025;3;UNIDADE INTERNAÇÃO - CLINICA ORTOPÉDICA;744;744
HRAD;2025;3;UNIDADE INTERNAÇÃO - CLINICA PEDIÁTRICA;310;310
HRAD;2025;3;UTI - ADULTO;279;279
HRAD;2025;3;UTI - NEONATAL;279;279
HRAD;2025;4;ALOJAMENTO CONJUNTO;510;510
HRAD;2025;4;BLOCO OBSTÉTRICO;20;0
HRAD;2025;4;UNIDADE DE DECISAO CLINICA;688;480
HRAD;2025;4;UNIDADE INTERNAÇÃO - CLINICA CIRURGICA;750;750
HRAD;2025;4;UNIDADE INTERNAÇÃO - CLINICA MÉDICA;780;780
HRAD;2025;4;UNIDADE INTERNAÇÃO - CLINICA ORTOPÉDICA;750;750
HRAD;2025;4;UNIDADE INTERNAÇÃO - CLINICA PEDIÁTRICA;300;300
HRAD;2025;4;UTI - ADULTO;270;270
HRAD;2025;4;UTI - NEONATAL;270;270
HRAD;2025;5;ALOJAMENTO CONJUNTO;527;527
HRAD;2025;5;BLOCO OBSTÉTRICO;18;0
HRAD;2025;5;UNIDADE DE DECISAO CLINICA;743;496
HRAD;2025;5;UNIDADE INTERNAÇÃO - CLINICA CIRURGICA;775;775
HRAD;2025;5;UNIDADE INTERNAÇÃO - CLINICA MÉDICA;806;806
HRAD;2025;5;UNIDADE INTERNAÇÃO - CLINICA ORTOPÉDICA;721;721
HRAD;2025;5;UNIDADE INTERNAÇÃO - CLINICA PEDIÁTRICA;310;310
HRAD;2025;5;UTI - ADULTO;279;279
HRAD;2025;5;UTI - NEONATAL;279;279
HRAD;2025;6;ALOJAMENTO CONJUNTO;510;510
HRAD;2025;6;BLOCO OBSTÉTRICO;24;0
HRAD;2025;6;UNIDADE DE DECISAO CLINICA;737;480
HRAD;2025;6;UNIDADE INTERNAÇÃO - CLINICA CIRURGICA;750;750
HRAD;2025;6;UNIDADE INTERNAÇÃO - CLINICA MÉDICA;780;780
HRAD;2025;6;UNIDADE INTERNAÇÃO - CLINICA ORTOPÉDICA;729;729
HRAD;2025;6;UNIDADE INTERNAÇÃO - CLINICA PEDIÁTRICA;300;300
HRAD;2025;6;UTI - ADULTO;270;270
HRAD;2025;6;UTI - NEONATAL;270;270
HRAD;2025;7;ALOJAMENTO CONJUNTO;527;527
HRAD;2025;7;BLOCO OBSTÉTRICO;19;0
HRAD;2025;7;UNIDADE DE DECISAO CLINICA;766;496
HRAD;2025;7;UNIDADE INTERNAÇÃO - CLINICA CIRURGICA;775;775
HRAD;2025;7;UNIDADE INTERNAÇÃO - CLINICA MÉDICA;804;804
HRAD;2025;7;UNIDADE INTERNAÇÃO - CLINICA ORTOPÉDICA;774;774
HRAD;2025;7;UNIDADE INTERNAÇÃO - CLINICA PEDIÁTRICA;310;310
HRAD;2025;7;UTI - ADULTO;279;279
HRAD;2025;7;UTI - NEONATAL;279;279
HRAD;2025;8;ALOJAMENTO CONJUNTO;527;527
HRAD;2025;8;BLOCO OBSTÉTRICO;16;0
HRAD;2025;8;UNIDADE DE DECISAO CLINICA;797;496
HRAD;2025;8;UNIDADE INTERNAÇÃO - CLINICA CIRURGICA;775;775
HRAD;2025;8;UNIDADE INTERNAÇÃO - CLINICA MÉDICA;806;806
HRAD;2025;8;UNIDADE INTERNAÇÃO - CLINICA ORTOPÉDICA;775;775
HRAD;2025;8;UNIDADE INTERNAÇÃO - CLINICA PEDIÁTRICA;310;310
HRAD;2025;8;UTI - ADULTO;279;279
HRAD;2025;8;UTI - NEONATAL;279;279
HRAD;2025;9;ALOJAMENTO CONJUNTO;510;510
HRAD;2025;9;BLOCO OBSTÉTRICO;12;0
HRAD;2025;9;UNIDADE DE DECISAO CLINICA;764;480
HRAD;2025;9;UNIDADE INTERNAÇÃO - CLINICA CIRURGICA;750;750
HRAD;2025;9;UNIDADE INTERNAÇÃO - CLINICA MÉDICA;780;780
HRAD;2025;9;UNIDADE INTERNAÇÃO - CLINICA ORTOPÉDICA;750;750
HRAD;2025;9;UNIDADE INTERNAÇÃO - CLINICA PEDIÁTRICA;300;300
HRAD;2025;9;UTI - ADULTO;270;270
HRAD;2025;9;UTI - NEONATAL;270;270
HRAD;2025;10;ALOJAMENTO CONJUNTO;527;527
HRAD;2025;10;BLOCO OBSTÉTRICO;20;0
HRAD;2025;10;UNIDADE DE DECISAO CLINICA;810;496
HRAD;2025;10;UNIDADE INTERNAÇÃO - CLINICA CIRURGICA;775;775
HRAD;2025;10;UNIDADE INTERNAÇÃO - CLINICA MÉDICA;806;806
HRAD;2025;10;UNIDADE INTERNAÇÃO - CLINICA ORTOPÉDICA;775;775
HRAD;2025;10;UNIDADE INTERNAÇÃO - CLINICA PEDIÁTRICA;310;310
HRAD;2025;10;UTI - ADULTO;279;279
HRAD;2025;10;UTI - NEONATAL;279;279
HRAD;2025;11;ALOJAMENTO CONJUNTO;510;510
HRAD;2025;11;BLOCO OBSTÉTRICO;28;0
HRAD;2025;11;UNIDADE DE DECISAO CLINICA;754;480
HRAD;2025;11;UNIDADE INTERNAÇÃO - CLINICA CIRURGICA;750;750
HRAD;2025;11;UNIDADE INTERNAÇÃO - CLINICA MÉDICA;780;780
HRAD;2025;11;UNIDADE INTERNAÇÃO - CLINICA ORTOPÉDICA;750;750
HRAD;2025;11;UNIDADE INTERNAÇÃO - CLINICA PEDIÁTRICA;300;300
HRAD;2025;11;UTI - ADULTO;270;270
HRAD;2025;11;UTI - NEONATAL;270;270
HRBJA;2025;1;CLINICA CIRURGICA/HRB/CHB;583;583
HRBJA;2025;1;CLINICA MEDICA/HRB/CHB;837;837
HRBJA;2025;1;TRAUMATO-ORTOPEDIA CIRURGICA/CHPB/CHB;403;403
HRBJA;2025;1;UTI ADULTO/HRB/CHB;620;620
HRBJA;2025;1;UUE/INTERNAÇÃO/HRB/CHB;98;68
HRBJA;2025;2;CLINICA CIRURGICA/HRB/CHB;476;476
HRBJA;2025;2;CLINICA MEDICA/HRB/CHB;744;744
HRBJA;2025;2;TRAUMATO-ORTOPEDIA CIRURGICA/CHPB/CHB;364;364
HRBJA;2025;2;UTI ADULTO/HRB/CHB;560;560
HRBJA;2025;2;UUE/INTERNAÇÃO/HRB/CHB;155;112
HRBJA;2025;3;CLINICA CIRURGICA/HRB/CHB;615;615
HRBJA;2025;3;CLINICA MEDICA/HRB/CHB;837;837
HRBJA;2025;3;TRAUMATO-ORTOPEDIA CIRURGICA/CHPB/CHB;315;315
HRBJA;2025;3;UTI ADULTO/HRB/CHB;620;620
HRBJA;2025;3;UUE/INTERNAÇÃO/HRB/CHB;238;212
HRBJA;2025;4;CLINICA CIRURGICA/HRB/CHB;630;630
HRBJA;2025;4;CLINICA MEDICA/HRB/CHB;810;810
HRBJA;2025;4;TRAUMATO-ORTOPEDIA CIRURGICA/CHPB/CHB;270;270
HRBJA;2025;4;UTI ADULTO/HRB/CHB;600;600
HRBJA;2025;4;UUE/INTERNAÇÃO/HRB/CHB;246;240
HRBJA;2025;5;CLINICA CIRURGICA/HRB/CHB;651;651
HRBJA;2025;5;CLINICA MEDICA/HRB/CHB;837;837
HRBJA;2025;5;TRAUMATO-ORTOPEDIA CIRURGICA/CHPB/CHB;279;279
HRBJA;2025;5;UTI ADULTO/HRB/CHB;620;620
HRBJA;2025;5;UUE/INTERNAÇÃO/HRB/CHB;256;248
HRBJA;2025;6;CLINICA CIRURGICA/HRB/CHB;630;630
HRBJA;2025;6;CLINICA MEDICA/HRB/CHB;811;811
HRBJA;2025;6;TRAUMATO-ORTOPEDIA CIRURGICA/CHPB/CHB;270;270
HRBJA;2025;6;UTI ADULTO/HRB/CHB;600;600
HRBJA;2025;6;UUE/INTERNAÇÃO/HRB/CHB;246;240
HRBJA;2025;7;CLINICA CIRURGICA/HRB/CHB;651;651
HRBJA;2025;7;CLINICA MEDICA/HRB/CHB;839;839
HRBJA;2025;7;TRAUMATO-ORTOPEDIA CIRURGICA/CHPB/CHB;279;279
HRBJA;2025;7;UTI ADULTO/HRB/CHB;620;620
HRBJA;2025;7;UUE/INTERNAÇÃO/HRB/CHB;256;248
HRBJA;2025;8;CLINICA CIRURGICA/HRB/CHB;651;651
HRBJA;2025;8;CLINICA MEDICA/HRB/CHB;837;837
HRBJA;2025;8;TRAUMATO-ORTOPEDIA CIRURGICA/CHPB/CHB;279;279
HRBJA;2025;8;UTI ADULTO/HRB/CHB;620;620
HRBJA;2025;8;UUE/INTERNAÇÃO/HRB/CHB;273;248
HRBJA;2025;9;CLINICA CIRURGICA/HRB/CHB;630;630
HRBJA;2025;9;CLINICA MEDICA/HRB/CHB;810;810
HRBJA;2025;9;TRAUMATO-ORTOPEDIA CIRURGICA/CHPB/CHB;270;270
HRBJA;2025;9;UTI ADULTO/HRB/CHB;600;600
HRBJA;2025;9;UUE/INTERNAÇÃO/HRB/CHB;293;240
HRBJA;2025;10;CLINICA CIRURGICA/HRB/CHB;651;651
HRBJA;2025;10;CLINICA MEDICA/HRB/CHB;837;837
HRBJA;2025;10;TRAUMATO-ORTOPEDIA CIRURGICA/CHPB/CHB;279;279
HRBJA;2025;10;UTI ADULTO/HRB/CHB;620;620
HRBJA;2025;10;UUE/INTERNAÇÃO/HRB/CHB;284;248
HRBJA;2025;11;CLINICA CIRURGICA/HRB/CHB;630;630
HRBJA;2025;11;CLINICA MEDICA/HRB/CHB;810;810
HRBJA;2025;11;TRAUMATO-ORTOPEDIA CIRURGICA/CHPB/CHB;270;270
HRBJA;2025;11;UTI ADULTO/HRB/CHB;600;600
HRBJA;2025;11;UUE/INTERNAÇÃO/HRB/CHB;257;240
HRJP;2025;1;ALOJAMENTO CONJUNTO /UNIDADE DE INTERNAÇÃO;512;511
HRJP;2025;1;BLOCO OBSTÉTRICO;186;186
HRJP;2025;1;UNIDADE DE INTERNAÇÃO - CLÍNICA DIP ALA C;219;219
HRJP;2025;1;UNIDADE INTERNAÇÃO - CLÍNICA CIRÚRGICA ALA A;186;186
HRJP;2025;1;UNIDADE INTERNAÇÃO - CLÍNICA CIRÚRGICA ALA B;124;124
HRJP;2025;1;UNIDADE INTERNAÇÃO - CLÍNICA CIRÚRGICA ALA C;156;156
HRJP;2025;1;UNIDADE INTERNAÇÃO - CLÍNICA MÉDICA ALA A;509;509
HRJP;2025;1;UNIDADE INTERNAÇÃO - CLÍNICA MÉDICA ALA B;375;375
HRJP;2025;1;UNIDADE INTERNAÇÃO - CLÍNICA MÉDICA ALA C;159;159
HRJP;2025;1;UNIDADE INTERNAÇÃO - CLÍNICA PEDIÁTRICA;899;899
HRJP;2025;1;UNIDADE INTERNAÇÃO - CLÍNICA PSIQUIÁTRICA ALA A;195;195
HRJP;2025;1;UNIDADE INTERNAÇÃO - CLÍNICA PSIQUIÁTRICA ALA C;84;84
HRJP;2025;1;UNIDADE INTERNAÇÃO - CLÍNICA TISIOLÓGICA ALA B;62;62
HRJP;2025;1;UNIDADE INTERNAÇÃO - CLÍNICA TISIOLÓGICA ALA C;139;124
HRJP;2025;1;UTI - ADULTO;349;349
HRJP;2025;1;UTI - NEONATAL I;310;310
HRJP;2025;1;UTI - PEDIÁTRICO;310;310
HRJP;2025;2;ALOJAMENTO CONJUNTO /UNIDADE DE INTERNAÇÃO;447;428
HRJP;2025;2;BLOCO OBSTÉTRICO;120;120
HRJP;2025;2;CASA DA GESTANTE BEBÊ E PUÉRPERA;30;30
HRJP;2025;2;UNIDADE DE INTERNAÇÃO - CLÍNICA DIP ALA C;156;156
HRJP;2025;2;UNIDADE INTERNAÇÃO - CLÍNICA CIRÚRGICA ALA A;168;168
HRJP;2025;2;UNIDADE INTERNAÇÃO - CLÍNICA CIRÚRGICA ALA B;112;112
HRJP;2025;2;UNIDADE INTERNAÇÃO - CLÍNICA CIRÚRGICA ALA C;168;168
HRJP;2025;2;UNIDADE INTERNAÇÃO - CLÍNICA MÉDICA ALA A;459;433
HRJP;2025;2;UNIDADE INTERNAÇÃO - CLÍNICA MÉDICA ALA B;343;343
HRJP;2025;2;UNIDADE INTERNAÇÃO - CLÍNICA MÉDICA ALA C;252;252
HRJP;2025;2;UNIDADE INTERNAÇÃO - CLÍNICA PEDIÁTRICA;667;667
HRJP;2025;2;UNIDADE INTERNAÇÃO - CLÍNICA PSIQUIÁTRICA ALA A;164;164
HRJP;2025;2;UNIDADE INTERNAÇÃO - CLÍNICA PSIQUIÁTRICA ALA C;74;74
HRJP;2025;2;UNIDADE INTERNAÇÃO - CLÍNICA TISIOLÓGICA ALA B;56;56
HRJP;2025;2;UNIDADE INTERNAÇÃO - CLÍNICA TISIOLÓGICA ALA C;127;112
HRJP;2025;2;UTI - ADULTO;279;279
HRJP;2025;2;UTI - NEONATAL I;280;280
HRJP;2025;2;UTI - PEDIÁTRICO;280;280
HRJP;2025;3;ALOJAMENTO CONJUNTO /UNIDADE DE INTERNAÇÃO;555;513
HRJP;2025;3;CASA DA GESTANTE BEBÊ E PUÉRPERA;310;310
HRJP;2025;3;UNIDADE DE INTERNAÇÃO - CLÍNICA DIP ALA C;222;222
HRJP;2025;3;UNIDADE INTERNAÇÃO - CLÍNICA CIRÚRGICA ALA A;186;186
HRJP;2025;3;UNIDADE INTERNAÇÃO - CLÍNICA CIRÚRGICA ALA B;124;124
HRJP;2025;3;UNIDADE INTERNAÇÃO - CLÍNICA CIRÚRGICA ALA C;177;177
HRJP;2025;3;UNIDADE INTERNAÇÃO - CLÍNICA MÉDICA ALA A;537;497
HRJP;2025;3;UNIDADE INTERNAÇÃO - CLÍNICA MÉDICA ALA B;391;391
HRJP;2025;3;UNIDADE INTERNAÇÃO - CLÍNICA MÉDICA ALA C;275;275
HRJP;2025;3;UNIDADE INTERNAÇÃO - CLÍNICA PEDIÁTRICA;626;626
HRJP;2025;3;UNIDADE INTERNAÇÃO - CLÍNICA PSIQUIÁTRICA ALA A;183;183
HRJP;2025;3;UNIDADE INTERNAÇÃO - CLÍNICA PSIQUIÁTRICA ALA C;90;90
HRJP;2025;3;UNIDADE INTERNAÇÃO - CLÍNICA TISIOLÓGICA ALA B;62;62
HRJP;2025;3;UNIDADE INTERNAÇÃO - CLÍNICA TISIOLÓGICA ALA C;159;124
HRJP;2025;3;UTI - ADULTO;316;316
HRJP;2025;3;UTI - NEONATAL I;310;310
HRJP;2025;3;UTI - PEDIÁTRICO;310;310
HRJP;2025;4;ALOJAMENTO CONJUNTO /UNIDADE DE INTERNAÇÃO;585;536
HRJP;2025;4;CASA DA GESTANTE BEBÊ E PUÉRPERA;300;300
HRJP;2025;4;UNIDADE DE INTERNAÇÃO - CLÍNICA DIP ALA C;213;213
HRJP;2025;4;UNIDADE INTERNAÇÃO - CLÍNICA CIRÚRGICA ALA A;174;174
HRJP;2025;4;UNIDADE INTERNAÇÃO - CLÍNICA CIRÚRGICA ALA B;120;120
HRJP;2025;4;UNIDADE INTERNAÇÃO - CLÍNICA CIRÚRGICA ALA C;149;149
HRJP;2025;4;UNIDADE INTERNAÇÃO - CLÍNICA MÉDICA ALA A;488;484
HRJP;2025;4;UNIDADE INTERNAÇÃO - CLÍNICA MÉDICA ALA B;375;375
HRJP;2025;4;UNIDADE INTERNAÇÃO - CLÍNICA MÉDICA ALA C;195;195
HRJP;2025;4;UNIDADE INTERNAÇÃO - CLÍNICA PEDIÁTRICA;757;757
HRJP;2025;4;UNIDADE INTERNAÇÃO - CLÍNICA PSIQUIÁTRICA ALA A;190;190
HRJP;2025;4;UNIDADE INTERNAÇÃO - CLÍNICA PSIQUIÁTRICA ALA C;71;71
HRJP;2025;4;UNIDADE INTERNAÇÃO - CLÍNICA TISIOLÓGICA ALA B;60;60
HRJP;2025;4;UNIDADE INTERNAÇÃO - CLÍNICA TISIOLÓGICA ALA C;123;120
HRJP;2025;4;UTI - ADULTO;299;299
HRJP;2025;4;UTI - NEONATAL I;300;300
HRJP;2025;4;UTI - NEONATAL II;240;240
HRJP;2025;4;UTI - PEDIÁTRICO;300;300
HRJP;2025;5;ALOJAMENTO CONJUNTO /UNIDADE DE INTERNAÇÃO;588;530
HRJP;2025;5;CASA DA GESTANTE BEBÊ E PUÉRPERA;310;310
HRJP;2025;5;UNIDADE DE INTERNAÇÃO - CLÍNICA DIP ALA C;241;241
HRJP;2025;5;UNIDADE INTERNAÇÃO - CLÍNICA CIRÚRGICA ALA A;157;157
HRJP;2025;5;UNIDADE INTERNAÇÃO - CLÍNICA CIRÚRGICA ALA B;124;124
HRJP;2025;5;UNIDADE INTERNAÇÃO - CLÍNICA CIRÚRGICA ALA C;99;99
HRJP;2025;5;UNIDADE INTERNAÇÃO - CLÍNICA MÉDICA ALA A;547;507
HRJP;2025;5;UNIDADE INTERNAÇÃO - CLÍNICA MÉDICA ALA B;380;380
HRJP;2025;5;UNIDADE INTERNAÇÃO - CLÍNICA MÉDICA ALA C;273;273
HRJP;2025;5;UNIDADE INTERNAÇÃO - CLÍNICA PEDIÁTRICA;896;895
HRJP;2025;5;UNIDADE INTERNAÇÃO - CLÍNICA PSIQUIÁTRICA ALA A;190;190
HRJP;2025;5;UNIDADE INTERNAÇÃO - CLÍNICA PSIQUIÁTRICA ALA C;93;93
HRJP;2025;5;UNIDADE INTERNAÇÃO - CLÍNICA TISIOLÓGICA ALA B;62;62
HRJP;2025;5;UNIDADE INTERNAÇÃO - CLÍNICA TISIOLÓGICA ALA C;117;117
HRJP;2025;5;UTI - ADULTO;308;308
HRJP;2025;5;UTI - NEONATAL I;310;310
HRJP;2025;5;UTI - NEONATAL II;248;248
HRJP;2025;5;UTI - PEDIÁTRICO;310;310
HRJP;2025;6;ALOJAMENTO CONJUNTO /UNIDADE DE INTERNAÇÃO;595;540
HRJP;2025;6;CASA DA GESTANTE BEBÊ E PUÉRPERA;300;300
HRJP;2025;6;UNIDADE DE INTERNAÇÃO - CLÍNICA DIP ALA C;229;229
HRJP;2025;6;UNIDADE INTERNAÇÃO - CLÍNICA CIRÚRGICA ALA A;171;171
HRJP;2025;6;UNIDADE INTERNAÇÃO - CLÍNICA CIRÚRGICA ALA B;120;120
HRJP;2025;6;UNIDADE INTERNAÇÃO - CLÍNICA CIRÚRGICA ALA C;180;180
HRJP;2025;6;UNIDADE INTERNAÇÃO - CLÍNICA MÉDICA ALA A;500;463
HRJP;2025;6;UNIDADE INTERNAÇÃO - CLÍNICA MÉDICA ALA B;372;372
HRJP;2025;6;UNIDADE INTERNAÇÃO - CLÍNICA MÉDICA ALA C;252;252
HRJP;2025;6;UNIDADE INTERNAÇÃO - CLÍNICA PEDIÁTRICA;874;832
HRJP;2025;6;UNIDADE INTERNAÇÃO - CLÍNICA PSIQUIÁTRICA ALA A;198;198
HRJP;2025;6;UNIDADE INTERNAÇÃO - CLÍNICA PSIQUIÁTRICA ALA C;90;90
HRJP;2025;6;UNIDADE INTERNAÇÃO - CLÍNICA TISIOLÓGICA ALA B;60;60
HRJP;2025;6;UNIDADE INTERNAÇÃO - CLÍNICA TISIOLÓGICA ALA C;106;106
HRJP;2025;6;UTI - ADULTO;303;303
HRJP;2025;6;UTI - NEONATAL I;300;300
HRJP;2025;6;UTI - NEONATAL II;240;240
HRJP;2025;6;UTI - PEDIÁTRICO;300;300
HRJP;2025;7;ALOJAMENTO CONJUNTO /UNIDADE DE INTERNAÇÃO;630;558
HRJP;2025;7;CASA DA GESTANTE BEBÊ E PUÉRPERA;310;310
HRJP;2025;7;UNIDADE DE INTERNAÇÃO - CLÍNICA DIP ALA C;231;231
HRJP;2025;7;UNIDADE INTERNAÇÃO - CLÍNICA CIRÚRGICA ALA A;134;134
HRJP;2025;7;UNIDADE INTERNAÇÃO - CLÍNICA CIRÚRGICA ALA B;124;124
HRJP;2025;7;UNIDADE INTERNAÇÃO - CLÍNICA CIRÚRGICA ALA C;180;180
HRJP;2025;7;UNIDADE INTERNAÇÃO - CLÍNICA MÉDICA ALA A;505;499
HRJP;2025;7;UNIDADE INTERNAÇÃO - CLÍNICA MÉDICA ALA B;373;373
HRJP;2025;7;UNIDADE INTERNAÇÃO - CLÍNICA MÉDICA ALA C;269;269
HRJP;2025;7;UNIDADE INTERNAÇÃO - CLÍNICA PEDIÁTRICA;872;856
HRJP;2025;7;UNIDADE INTERNAÇÃO - CLÍNICA PSIQUIÁTRICA ALA A;191;191
HRJP;2025;7;UNIDADE INTERNAÇÃO - CLÍNICA PSIQUIÁTRICA ALA C;88;88
HRJP;2025;7;UNIDADE INTERNAÇÃO - CLÍNICA TISIOLÓGICA ALA B;59;59
HRJP;2025;7;UNIDADE INTERNAÇÃO - CLÍNICA TISIOLÓGICA ALA C;136;113
HRJP;2025;7;UTI - ADULTO;312;312
HRJP;2025;7;UTI - NEONATAL I;307;307
HRJP;2025;7;UTI - NEONATAL II;248;248
HRJP;2025;7;UTI - PEDIÁTRICO;308;308
HRJP;2025;8;ALOJAMENTO CONJUNTO /UNIDADE DE INTERNAÇÃO;608;554
HRJP;2025;8;CASA DA GESTANTE BEBÊ E PUÉRPERA;310;310
HRJP;2025;8;UNIDADE DE INTERNAÇÃO - CLÍNICA DIP ALA C;180;180
HRJP;2025;8;UNIDADE INTERNAÇÃO - CLÍNICA CIRÚRGICA ALA A;158;158
HRJP;2025;8;UNIDADE INTERNAÇÃO - CLÍNICA CIRÚRGICA ALA B;123;123
HRJP;2025;8;UNIDADE INTERNAÇÃO - CLÍNICA CIRÚRGICA ALA C;185;185
HRJP;2025;8;UNIDADE INTERNAÇÃO - CLÍNICA MÉDICA ALA A;532;506
HRJP;2025;8;UNIDADE INTERNAÇÃO - CLÍNICA MÉDICA ALA B;352;352
HRJP;2025;8;UNIDADE INTERNAÇÃO - CLÍNICA MÉDICA ALA C;247;247
HRJP;2025;8;UNIDADE INTERNAÇÃO - CLÍNICA PEDIÁTRICA;739;724
HRJP;2025;8;UNIDADE INTERNAÇÃO - CLÍNICA PSIQUIÁTRICA ALA A;124;124
HRJP;2025;8;UNIDADE INTERNAÇÃO - CLÍNICA PSIQUIÁTRICA ALA C;47;47
HRJP;2025;8;UNIDADE INTERNAÇÃO - CLÍNICA TISIOLÓGICA ALA B;62;62
HRJP;2025;8;UNIDADE INTERNAÇÃO - CLÍNICA TISIOLÓGICA ALA C;130;124
HRJP;2025;8;UTI - ADULTO;312;312
HRJP;2025;8;UTI - NEONATAL I;303;303
HRJP;2025;8;UTI - NEONATAL II;241;241
HRJP;2025;8;UTI - PEDIÁTRICO;245;245
HRJP;2025;9;ALOJAMENTO CONJUNTO /UNIDADE DE INTERNAÇÃO;508;453
HRJP;2025;9;CASA DA GESTANTE BEBÊ E PUÉRPERA;300;300
HRJP;2025;9;UNIDADE DE INTERNAÇÃO - CLÍNICA DIP ALA C;219;219
HRJP;2025;9;UNIDADE INTERNAÇÃO - CLÍNICA CIRÚRGICA ALA A;180;180
HRJP;2025;9;UNIDADE INTERNAÇÃO - CLÍNICA CIRÚRGICA ALA B;117;117
HRJP;2025;9;UNIDADE INTERNAÇÃO - CLÍNICA CIRÚRGICA ALA C;180;180
HRJP;2025;9;UNIDADE INTERNAÇÃO - CLÍNICA MÉDICA ALA A;508;491
HRJP;2025;9;UNIDADE INTERNAÇÃO - CLÍNICA MÉDICA ALA B;367;367
HRJP;2025;9;UNIDADE INTERNAÇÃO - CLÍNICA MÉDICA ALA C;260;260
HRJP;2025;9;UNIDADE INTERNAÇÃO - CLÍNICA PEDIÁTRICA;799;787
HRJP;2025;9;UNIDADE INTERNAÇÃO - CLÍNICA PSIQUIÁTRICA ALA A;179;179
HRJP;2025;9;UNIDADE INTERNAÇÃO - CLÍNICA PSIQUIÁTRICA ALA C;85;85
HRJP;2025;9;UNIDADE INTERNAÇÃO - CLÍNICA TISIOLÓGICA ALA B;60;60
HRJP;2025;9;UNIDADE INTERNAÇÃO - CLÍNICA TISIOLÓGICA ALA C;116;115
HRJP;2025;9;UTI - ADULTO;300;300
HRJP;2025;9;UTI - NEONATAL I;298;298
HRJP;2025;9;UTI - NEONATAL II;238;238
HRJP;2025;9;UTI - PEDIÁTRICO;298;298
HRJP;2025;10;ALOJAMENTO CONJUNTO /UNIDADE DE INTERNAÇÃO;568;509
HRJP;2025;10;CASA DA GESTANTE BEBÊ E PUÉRPERA;310;310
HRJP;2025;10;UNIDADE DE INTERNAÇÃO - CLÍNICA DIP ALA C;150;150
HRJP;2025;10;UNIDADE INTERNAÇÃO - CLÍNICA CIRÚRGICA ALA A;175;175
HRJP;2025;10;UNIDADE INTERNAÇÃO - CLÍNICA CIRÚRGICA ALA B;111;111
HRJP;2025;10;UNIDADE INTERNAÇÃO - CLÍNICA CIRÚRGICA ALA C;168;168
HRJP;2025;10;UNIDADE INTERNAÇÃO - CLÍNICA MÉDICA ALA A;388;382
HRJP;2025;10;UNIDADE INTERNAÇÃO - CLÍNICA MÉDICA ALA B;326;326
HRJP;2025;10;UNIDADE INTERNAÇÃO - CLÍNICA MÉDICA ALA C;216;216
HRJP;2025;10;UNIDADE INTERNAÇÃO - CLÍNICA PEDIÁTRICA;746;744
HRJP;2025;10;UNIDADE INTERNAÇÃO - CLÍNICA PSIQUIÁTRICA ALA A;161;161
HRJP;2025;10;UNIDADE INTERNAÇÃO - CLÍNICA PSIQUIÁTRICA ALA C;63;63
HRJP;2025;10;UNIDADE INTERNAÇÃO - CLÍNICA TISIOLÓGICA ALA B;56;56
HRJP;2025;10;UNIDADE INTERNAÇÃO - CLÍNICA TISIOLÓGICA ALA C;125;114
HRJP;2025;10;UTI - ADULTO;319;319
HRJP;2025;10;UTI - NEONATAL I;310;310
HRJP;2025;10;UTI - NEONATAL II;248;248
HRJP;2025;10;UTI - PEDIÁTRICO;298;298
HRJP;2025;11;ALOJAMENTO CONJUNTO /UNIDADE DE INTERNAÇÃO;555;504
HRJP;2025;11;CASA DA GESTANTE BEBÊ E PUÉRPERA;120;120
HRJP;2025;11;UNIDADE DE INTERNAÇÃO - CLÍNICA DIP ALA C;209;209
HRJP;2025;11;UNIDADE INTERNAÇÃO - CLÍNICA CIRÚRGICA ALA A;175;175
HRJP;2025;11;UNIDADE INTERNAÇÃO - CLÍNICA CIRÚRGICA ALA B;11;11
HRJP;2025;11;UNIDADE INTERNAÇÃO - CLÍNICA CIRÚRGICA ALA C;172;172
HRJP;2025;11;UNIDADE INTERNAÇÃO - CLÍNICA MÉDICA ALA A;514;486
HRJP;2025;11;UNIDADE INTERNAÇÃO - CLÍNICA MÉDICA ALA B;33;33
HRJP;2025;11;UNIDADE INTERNAÇÃO - CLÍNICA MÉDICA ALA C;251;251
HRJP;2025;11;UNIDADE INTERNAÇÃO - CLÍNICA PEDIÁTRICA;567;566
HRJP;2025;11;UNIDADE INTERNAÇÃO - CLÍNICA PSIQUIÁTRICA ALA A;174;174
HRJP;2025;11;UNIDADE INTERNAÇÃO - CLÍNICA PSIQUIÁTRICA ALA C;86;86
HRJP;2025;11;UNIDADE INTERNAÇÃO - CLÍNICA TISIOLÓGICA ALA B;5;5
HRJP;2025;11;UNIDADE INTERNAÇÃO - CLÍNICA TISIOLÓGICA ALA C;151;119
HRJP;2025;11;UTI - ADULTO;312;312
HRJP;2025;11;UTI - NEONATAL I;300;300
HRJP;2025;11;UTI - NEONATAL II;16;16
HRJP;2025;11;UTI - PEDIÁTRICO;290;290
IRS;2025;1;ALA A;558;558
IRS;2025;1;ALA B;558;558
IRS;2025;1;ALA C;744;744
IRS;2025;1;ALA D;558;558
IRS;2025;1;UNIDADE URGÊNCIA/EMERGÊNCIA - OBSERVAÇÃO;97;0
IRS;2025;1;UTC - UNIDADE DE TRATAMENTO CLÍNICO;186;186
IRS;2025;2;ALA A;504;504
IRS;2025;2;ALA B;504;504
IRS;2025;2;ALA C;672;672
IRS;2025;2;ALA D;504;504
IRS;2025;2;UNIDADE URGÊNCIA/EMERGÊNCIA - OBSERVAÇÃO;80;0
IRS;2025;2;UTC - UNIDADE DE TRATAMENTO CLÍNICO;168;168
IRS;2025;3;ALA A;558;558
IRS;2025;3;ALA B;558;558
IRS;2025;3;ALA C;744;744
IRS;2025;3;ALA D;558;558
IRS;2025;3;UNIDADE URGÊNCIA/EMERGÊNCIA - OBSERVAÇÃO;101;0
IRS;2025;3;UTC - UNIDADE DE TRATAMENTO CLÍNICO;186;186
IRS;2025;4;ALA A;540;540
IRS;2025;4;ALA B;540;540
IRS;2025;4;ALA C;720;720
IRS;2025;4;ALA D;540;540
IRS;2025;4;UNIDADE URGÊNCIA/EMERGÊNCIA - OBSERVAÇÃO;108;0
IRS;2025;4;UTC - UNIDADE DE TRATAMENTO CLÍNICO;180;180
IRS;2025;5;ALA A;558;558
IRS;2025;5;ALA B;558;558
IRS;2025;5;ALA C;744;744
IRS;2025;5;ALA D;558;558
IRS;2025;5;UNIDADE URGÊNCIA/EMERGÊNCIA - OBSERVAÇÃO;120;0
IRS;2025;5;UTC - UNIDADE DE TRATAMENTO CLÍNICO;186;186
IRS;2025;6;ALA A;540;540
IRS;2025;6;ALA B;540;540
IRS;2025;6;ALA C;720;720
IRS;2025;6;ALA D;540;540
IRS;2025;6;UNIDADE URGÊNCIA/EMERGÊNCIA - OBSERVAÇÃO;113;0
IRS;2025;6;UTC - UNIDADE DE TRATAMENTO CLÍNICO;180;180
IRS;2025;7;ALA A;558;558
IRS;2025;7;ALA B;558;558
IRS;2025;7;ALA C;744;744
IRS;2025;7;ALA D;558;558
IRS;2025;7;UNIDADE URGÊNCIA/EMERGÊNCIA - OBSERVAÇÃO;115;0
IRS;2025;7;UTC - UNIDADE DE TRATAMENTO CLÍNICO;186;186
IRS;2025;8;ALA A;558;558
IRS;2025;8;ALA B;558;558
IRS;2025;8;ALA C;744;744
IRS;2025;8;ALA D;558;558
IRS;2025;8;UNIDADE URGÊNCIA/EMERGÊNCIA - OBSERVAÇÃO;101;0
IRS;2025;8;UTC - UNIDADE DE TRATAMENTO CLÍNICO;186;186
IRS;2025;9;ALA A;540;540
IRS;2025;9;ALA B;540;540
IRS;2025;9;ALA C;720;720
IRS;2025;9;ALA D;540;540
IRS;2025;9;UNIDADE URGÊNCIA/EMERGÊNCIA - OBSERVAÇÃO;89;0
IRS;2025;9;UTC - UNIDADE DE TRATAMENTO CLÍNICO;180;180
IRS;2025;10;ALA A;558;558
IRS;2025;10;ALA B;558;558
IRS;2025;10;ALA C;744;744
IRS;2025;10;ALA D;558;558
IRS;2025;10;UNIDADE URGÊNCIA/EMERGÊNCIA - OBSERVAÇÃO;98;0
IRS;2025;10;UTC - UNIDADE DE TRATAMENTO CLÍNICO;186;186
IRS;2025;11;ALA A;540;540
IRS;2025;11;ALA B;540;540
IRS;2025;11;ALA C;720;720
IRS;2025;11;ALA D;540;540
IRS;2025;11;UNIDADE URGÊNCIA/EMERGÊNCIA - OBSERVAÇÃO;109;0
IRS;2025;11;UTC - UNIDADE DE TRATAMENTO CLÍNICO;180;180
MOV;2025;1;ALOJAMENTO CONJUNTO;657;558
MOV;2025;1;CLINICA CIRÚRGICA;281;251
MOV;2025;1;PRÉ-PARTO;191;31
MOV;2025;1;UNIDADE DE CUIDADO INTERMEDIÁRIO NEONATAL CANGURU;155;155
MOV;2025;1;UNIDADE DE CUIDADO INTERMEDIÁRIO NEONATAL CONVENCIONAL;631;620
MOV;2025;1;UNIDADE INTERNACAO ALTO-RISCO OBSTETRICO;469;430
MOV;2025;1;UNIDADE URGÊNCIA/EMERGÊNCIA - INTERNAÇÃO;155;0
MOV;2025;1;UTI - ADULTO;310;310
MOV;2025;1;UTI - NEONATAL;608;608
MOV;2025;2;ALOJAMENTO CONJUNTO;577;508
MOV;2025;2;CLINICA CIRÚRGICA;306;271
MOV;2025;2;PRÉ-PARTO;189;28
MOV;2025;2;UNIDADE DE CUIDADO INTERMEDIÁRIO NEONATAL CANGURU;140;140
MOV;2025;2;UNIDADE DE CUIDADO INTERMEDIÁRIO NEONATAL CONVENCIONAL;573;560
MOV;2025;2;UNIDADE INTERNACAO ALTO-RISCO OBSTETRICO;406;379
MOV;2025;2;UNIDADE URGÊNCIA/EMERGÊNCIA - INTERNAÇÃO;113;0
MOV;2025;2;UTI - ADULTO;280;280
MOV;2025;2;UTI - NEONATAL;552;552
MOV;2025;3;ALOJAMENTO CONJUNTO;660;558
MOV;2025;3;CLINICA CIRÚRGICA;356;310
MOV;2025;3;PRÉ-PARTO;232;31
MOV;2025;3;UNIDADE DE CUIDADO INTERMEDIÁRIO NEONATAL CANGURU;48;48
MOV;2025;3;UNIDADE DE CUIDADO INTERMEDIÁRIO NEONATAL CONVENCIONAL;640;616
MOV;2025;3;UNIDADE INTERNACAO ALTO-RISCO OBSTETRICO;487;434
MOV;2025;3;UNIDADE URGÊNCIA/EMERGÊNCIA - INTERNAÇÃO;144;0
MOV;2025;3;UTI - ADULTO;310;310
MOV;2025;3;UTI - NEONATAL;581;581
MOV;2025;4;ALOJAMENTO CONJUNTO;629;539
MOV;2025;4;CLINICA CIRÚRGICA;404;354
MOV;2025;4;PRÉ-PARTO;224;30
MOV;2025;4;UNIDADE DE CUIDADO INTERMEDIÁRIO NEONATAL CANGURU;57;57
MOV;2025;4;UNIDADE DE CUIDADO INTERMEDIÁRIO NEONATAL CONVENCIONAL;601;583
MOV;2025;4;UNIDADE INTERNACAO ALTO-RISCO OBSTETRICO;467;416
MOV;2025;4;UNIDADE URGÊNCIA/EMERGÊNCIA - INTERNAÇÃO;108;0
MOV;2025;4;UTI - ADULTO;300;300
MOV;2025;4;UTI - NEONATAL;566;566
MOV;2025;5;ALOJAMENTO CONJUNTO;606;498
MOV;2025;5;CLINICA CIRÚRGICA;593;502
MOV;2025;5;PRÉ-PARTO;209;31
MOV;2025;5;UNIDADE DE CUIDADO INTERMEDIÁRIO NEONATAL CANGURU;91;91
MOV;2025;5;UNIDADE DE CUIDADO INTERMEDIÁRIO NEONATAL CONVENCIONAL;634;619
MOV;2025;5;UNIDADE INTERNACAO ALTO-RISCO OBSTETRICO;474;434
MOV;2025;5;UNIDADE URGÊNCIA/EMERGÊNCIA - INTERNAÇÃO;101;0
MOV;2025;5;UTI - ADULTO;310;310
MOV;2025;5;UTI - NEONATAL;577;577
MOV;2025;6;ALOJAMENTO CONJUNTO;555;480
MOV;2025;6;CLINICA CIRÚRGICA;557;480
MOV;2025;6;PRÉ-PARTO;196;30
MOV;2025;6;UNIDADE DE CUIDADO INTERMEDIÁRIO NEONATAL CANGURU;150;150
MOV;2025;6;UNIDADE DE CUIDADO INTERMEDIÁRIO NEONATAL CONVENCIONAL;634;589
MOV;2025;6;UNIDADE INTERNACAO ALTO-RISCO OBSTETRICO;465;420
MOV;2025;6;UNIDADE URGÊNCIA/EMERGÊNCIA - INTERNAÇÃO;188;0
MOV;2025;6;UTI - ADULTO;300;300
MOV;2025;6;UTI - NEONATAL;597;597
MOV;2025;7;ALOJAMENTO CONJUNTO;578;496
MOV;2025;7;CLINICA CIRÚRGICA;494;429
MOV;2025;7;PRÉ-PARTO;141;26
MOV;2025;7;UNIDADE DE CUIDADO INTERMEDIÁRIO NEONATAL CANGURU;155;155
MOV;2025;7;UNIDADE DE CUIDADO INTERMEDIÁRIO NEONATAL CONVENCIONAL;625;609
MOV;2025;7;UNIDADE INTERNACAO ALTO-RISCO OBSTETRICO;492;434
MOV;2025;7;UNIDADE URGÊNCIA/EMERGÊNCIA - INTERNAÇÃO;176;0
MOV;2025;7;UTI - ADULTO;310;310
MOV;2025;7;UTI - NEONATAL;620;620
MOV;2025;8;ALOJAMENTO CONJUNTO;605;496
MOV;2025;8;CLINICA CIRÚRGICA;481;403
MOV;2025;8;PRÉ-PARTO;148;31
MOV;2025;8;UNIDADE DE CUIDADO INTERMEDIÁRIO NEONATAL CANGURU;155;155
MOV;2025;8;UNIDADE DE CUIDADO INTERMEDIÁRIO NEONATAL CONVENCIONAL;662;603
MOV;2025;8;UNIDADE INTERNACAO ALTO-RISCO OBSTETRICO;465;434
MOV;2025;8;UNIDADE URGÊNCIA/EMERGÊNCIA - INTERNAÇÃO;169;0
MOV;2025;8;UTI - ADULTO;310;310
MOV;2025;8;UTI - NEONATAL;620;620
MOV;2025;9;ALOJAMENTO CONJUNTO;591;484
MOV;2025;9;CLINICA CIRÚRGICA;488;399
MOV;2025;9;PRÉ-PARTO;150;30
MOV;2025;9;UNIDADE DE CUIDADO INTERMEDIÁRIO NEONATAL CANGURU;150;150
MOV;2025;9;UNIDADE DE CUIDADO INTERMEDIÁRIO NEONATAL CONVENCIONAL;607;544
MOV;2025;9;UNIDADE INTERNACAO ALTO-RISCO OBSTETRICO;465;420
MOV;2025;9;UNIDADE URGÊNCIA/EMERGÊNCIA - INTERNAÇÃO;120;0
MOV;2025;9;UTI - ADULTO;300;300
MOV;2025;9;UTI - NEONATAL;600;600
MOV;2025;10;ALOJAMENTO CONJUNTO;597;496
MOV;2025;10;CLINICA CIRÚRGICA;467;433
MOV;2025;10;PRÉ-PARTO;160;31
MOV;2025;10;SALA DE ESPERA - BLOCO CIRÚRGICO;5;0
MOV;2025;10;SALA DE ESPERA - BLOCO OBSTÉTRICO;1;0
MOV;2025;10;UNIDADE DE CUIDADO INTERMEDIÁRIO NEONATAL CANGURU;155;155
MOV;2025;10;UNIDADE DE CUIDADO INTERMEDIÁRIO NEONATAL CONVENCIONAL;613;603
MOV;2025;10;UNIDADE INTERNACAO ALTO-RISCO OBSTETRICO;465;428
MOV;2025;10;UNIDADE URGÊNCIA/EMERGÊNCIA - INTERNAÇÃO;102;0
MOV;2025;10;UTI - ADULTO;310;310
MOV;2025;10;UTI - NEONATAL;620;620
MOV;2025;11;ALOJAMENTO CONJUNTO;573;480
MOV;2025;11;CLINICA CIRÚRGICA;412;390
MOV;2025;11;PRÉ-PARTO;138;30
MOV;2025;11;SALA DE ESPERA - BLOCO CIRÚRGICO;8;0
MOV;2025;11;SALA DE ESPERA - BLOCO OBSTÉTRICO;13;0
MOV;2025;11;UNIDADE DE CUIDADO INTERMEDIÁRIO NEONATAL CANGURU;150;150
MOV;2025;11;UNIDADE DE CUIDADO INTERMEDIÁRIO NEONATAL CONVENCIONAL;600;600
MOV;2025;11;UNIDADE INTERNACAO ALTO-RISCO OBSTETRICO;437;420
MOV;2025;11;UNIDADE URGÊNCIA/EMERGÊNCIA - INTERNAÇÃO;150;0
MOV;2025;11;UTI - ADULTO;300;300
MOV;2025;11;UTI - NEONATAL;594;594
